,District,State abbreviation,State name,Congressional district,Citizen voting-age population Estimate,Less than 9th grade Estimate,Less than 9th grade Percent of total,"9th to 12 Grade, no diploma Estimate","9th to 12 Grade, no diploma Percent of total",High school graduate Estimate,High school graduate Percent of total,"Some college, no degree Estimate","Some college, no degree Percent of total",Associates degree Estimate,Associates degree Percent of total,Bachelors degree Estimate,Bachelors degree Percent of total,Graduate degree Estimate,Graduate degree Percent of total,High school or more Estimate,High school or more Percent of total,Bachelors degree or more Estimate,Bachelors degree or more Percent of total
0,AL-1,AL,Alabama,1,544464,13409,2.5,57234,10.5,185503,34.1,122236,22.5,42603,7.8,82971,15.2,40508,7.4,473821,87.0,123479,22.7
1,AL-2,AL,Alabama,2,516295,18295,3.5,53192,10.3,172427,33.4,119350,23.1,45677,8.8,69082,13.4,38272,7.4,444808,86.2,107354,20.8
2,AL-3,AL,Alabama,3,543854,19578,3.6,56833,10.5,174209,32.0,142705,26.2,45713,8.4,63916,11.8,40900,7.5,467443,86.0,104816,19.3
3,AL-4,AL,Alabama,4,515701,24346,4.7,57850,11.2,175806,34.1,121739,23.6,51436,10.0,52697,10.2,31827,6.2,433505,84.1,84524,16.4
4,AL-5,AL,Alabama,5,551968,14908,2.7,43805,7.9,151609,27.5,123272,22.3,45097,8.2,113417,20.5,59860,10.8,493255,89.4,173277,31.4
5,AL-6,AL,Alabama,6,535753,11300,2.1,36957,6.9,140443,26.2,123459,23.0,40976,7.6,117006,21.8,65612,12.2,487496,91.0,182618,34.1
6,AL-7,AL,Alabama,7,504177,16616,3.3,55234,11.0,168045,33.3,133839,26.5,39302,7.8,59601,11.8,31540,6.3,432327,85.7,91141,18.1
7,AK-At-large,AK,Alaska,At-large,532244,10640,2.0,26444,5.0,160451,30.1,148709,27.9,41699,7.8,89107,16.7,55194,10.4,495160,93.0,144301,27.1
8,AZ-1,AZ,Arizona,1,568661,21704,3.8,52527,9.2,157867,27.8,160634,28.2,47496,8.4,76331,13.4,52102,9.2,494430,86.9,128433,22.6
9,AZ-2,AZ,Arizona,2,550044,11867,2.2,34149,6.2,129115,23.5,155015,28.2,51429,9.3,100306,18.2,68163,12.4,504028,91.6,168469,30.6
10,AZ-3,AZ,Arizona,3,500787,30121,6.0,57088,11.4,148104,29.6,141914,28.3,45173,9.0,53824,10.7,24563,4.9,413578,82.6,78387,15.7
11,AZ-4,AZ,Arizona,4,633528,17595,2.8,52748,8.3,192527,30.4,192003,30.3,59051,9.3,77875,12.3,41729,6.6,563185,88.9,119604,18.9
12,AZ-5,AZ,Arizona,5,587681,8798,1.5,27681,4.7,128346,21.8,160076,27.2,53374,9.1,138201,23.5,71205,12.1,551202,93.8,209406,35.6
13,AZ-6,AZ,Arizona,6,577899,8834,1.5,25687,4.4,107601,18.6,139842,24.2,47995,8.3,158055,27.3,89885,15.6,543378,94.0,247940,42.9
14,AZ-7,AZ,Arizona,7,454957,34537,7.6,53791,11.8,140351,30.8,117031,25.7,34665,7.6,50781,11.2,23801,5.2,366629,80.6,74582,16.4
15,AZ-8,AZ,Arizona,8,599423,13530,2.3,31603,5.3,155411,25.9,167411,27.9,56366,9.4,111662,18.6,63440,10.6,554290,92.5,175102,29.2
16,AZ-9,AZ,Arizona,9,562791,11269,2.0,26068,4.6,109598,19.5,155775,27.7,50960,9.1,137924,24.5,71197,12.7,525454,93.4,209121,37.2
17,AR-1,AR,Arkansas,1,548710,24944,4.5,53594,9.8,208663,38.0,128267,23.4,44423,8.1,60603,11.0,28216,5.1,470172,85.7,88819,16.2
18,AR-2,AR,Arkansas,2,570220,14879,2.6,40792,7.2,172669,30.3,140151,24.6,44106,7.7,97692,17.1,59931,10.5,514549,90.2,157623,27.6
19,AR-3,AR,Arkansas,3,573113,18243,3.2,38548,6.7,183043,31.9,147350,25.7,37748,6.6,94386,16.5,53795,9.4,516322,90.1,148181,25.9
20,AR-4,AR,Arkansas,4,532069,16826,3.2,50608,9.5,206160,38.7,133473,25.1,41122,7.7,56921,10.7,26959,5.1,464635,87.3,83880,15.8
21,CA-1,CA,California,1,553702,10300,1.9,36521,6.6,139909,25.3,179540,32.4,60188,10.9,86500,15.6,40744,7.4,506881,91.5,127244,23.0
22,CA-2,CA,California,2,534951,10337,1.9,25985,4.9,99851,18.7,132042,24.7,45775,8.6,132589,24.8,88372,16.5,498629,93.2,220961,41.3
23,CA-3,CA,California,3,504299,18937,3.8,36020,7.1,125825,25.0,155145,30.8,46482,9.2,73831,14.6,48059,9.5,449342,89.1,121890,24.2
24,CA-4,CA,California,4,573118,7430,1.3,27012,4.7,125409,21.9,163654,28.6,61487,10.7,128333,22.4,59793,10.4,538676,94.0,188126,32.8
25,CA-5,CA,California,5,508369,15874,3.1,23135,4.6,106375,20.9,143612,28.2,57465,11.3,107991,21.2,53917,10.6,469360,92.3,161908,31.8
26,CA-6,CA,California,6,506434,23007,4.5,31946,6.3,120347,23.8,135756,26.8,46478,9.2,100008,19.7,48892,9.7,451481,89.1,148900,29.4
27,CA-7,CA,California,7,537436,15617,2.9,26001,4.8,110306,20.5,154666,28.8,58465,10.9,116934,21.8,55447,10.3,495818,92.3,172381,32.1
28,CA-8,CA,California,8,477512,16654,3.5,45292,9.5,154981,32.5,139316,29.2,44583,9.3,48542,10.2,28144,5.9,415566,87.0,76686,16.1
29,CA-9,CA,California,9,482967,22179,4.6,38221,7.9,147403,30.5,126601,26.2,51814,10.7,68040,14.1,28709,5.9,422567,87.5,96749,20.0
30,CA-10,CA,California,10,493409,25293,5.1,43288,8.8,154120,31.2,145033,29.4,42682,8.7,59753,12.1,23240,4.7,424828,86.1,82993,16.8
31,CA-11,CA,California,11,508963,12985,2.6,21166,4.2,86079,16.9,115072,22.6,41873,8.2,142028,27.9,89760,17.6,474812,93.3,231788,45.5
32,CA-12,CA,California,12,571300,24369,4.3,21283,3.7,67565,11.8,78296,13.7,27093,4.7,219245,38.4,133449,23.4,525648,92.0,352694,61.7
33,CA-13,CA,California,13,536892,16604,3.1,24706,4.6,88938,16.6,108388,20.2,33353,6.2,151914,28.3,112989,21.0,495582,92.3,264903,49.3
34,CA-14,CA,California,14,511049,18871,3.7,20813,4.1,79470,15.6,105663,20.7,37951,7.4,159360,31.2,88921,17.4,471365,92.2,248281,48.6
35,CA-15,CA,California,15,503361,13285,2.6,23799,4.7,105049,20.9,115831,23.0,34366,6.8,134275,26.7,76756,15.2,466277,92.6,211031,41.9
36,CA-16,CA,California,16,423147,33543,7.9,50462,11.9,124002,29.3,120993,28.6,32787,7.7,43302,10.2,18058,4.3,339142,80.1,61360,14.5
37,CA-17,CA,California,17,438374,13228,3.0,19579,4.5,69782,15.9,81191,18.5,33473,7.6,128406,29.3,92715,21.1,405567,92.5,221121,50.4
38,CA-18,CA,California,18,491580,6902,1.4,12128,2.5,57910,11.8,84970,17.3,28246,5.7,158493,32.2,142931,29.1,472550,96.1,301424,61.3
39,CA-19,CA,California,19,482363,28909,6.0,31052,6.4,89585,18.6,109884,22.8,43770,9.1,119763,24.8,59400,12.3,422402,87.6,179163,37.1
40,CA-20,CA,California,20,434889,19397,4.5,26214,6.0,91612,21.1,123963,28.5,41687,9.6,79665,18.3,52351,12.0,389278,89.5,132016,30.4
41,CA-21,CA,California,21,354669,30382,8.6,49482,14.0,114452,32.3,96588,27.2,26041,7.3,27414,7.7,10310,2.9,274805,77.5,37724,10.6
42,CA-22,CA,California,22,483064,20958,4.3,33175,6.9,113960,23.6,138342,28.6,53000,11.0,80429,16.6,43200,8.9,428931,88.8,123629,25.6
43,CA-23,CA,California,23,490446,19789,4.0,51116,10.4,136106,27.8,144489,29.5,45193,9.2,59122,12.1,34631,7.1,419541,85.5,93753,19.1
44,CA-24,CA,California,24,508333,12493,2.5,22428,4.4,100200,19.7,157352,31.0,46880,9.2,106787,21.0,62193,12.2,473412,93.1,168980,33.2
45,CA-25,CA,California,25,482964,19148,4.0,40232,8.3,113657,23.5,128561,26.6,49777,10.3,89036,18.4,42553,8.8,423584,87.7,131589,27.2
46,CA-26,CA,California,26,480928,20235,4.2,24094,5.0,101186,21.0,130031,27.0,49476,10.3,97939,20.4,57967,12.1,436599,90.8,155906,32.4
47,CA-27,CA,California,27,471963,29513,6.3,23456,5.0,82256,17.4,100069,21.2,39294,8.3,122862,26.0,74513,15.8,418994,88.8,197375,41.8
48,CA-28,CA,California,28,502971,18412,3.7,17960,3.6,82496,16.4,106049,21.1,46643,9.3,155739,31.0,75672,15.0,466599,92.8,231411,46.0
49,CA-29,CA,California,29,402898,36869,9.2,38058,9.4,101848,25.3,105890,26.3,30540,7.6,69161,17.2,20532,5.1,327971,81.4,89693,22.3
50,CA-30,CA,California,30,529846,19105,3.6,23003,4.3,87198,16.5,127319,24.0,40343,7.6,155101,29.3,77777,14.7,487738,92.1,232878,44.0
51,CA-31,CA,California,31,482081,18582,3.9,45590,9.5,133160,27.6,128296,26.6,41316,8.6,72149,15.0,42988,8.9,417909,86.7,115137,23.9
52,CA-32,CA,California,32,449452,34351,7.6,34156,7.6,124345,27.7,121048,26.9,36250,8.1,71065,15.8,28237,6.3,380945,84.8,99302,22.1
53,CA-33,CA,California,33,517251,5748,1.1,12703,2.5,55109,10.7,98470,19.0,29721,5.7,183848,35.5,131652,25.5,498800,96.4,315500,61.0
54,CA-34,CA,California,34,425520,43810,10.3,37570,8.8,89614,21.1,94176,22.1,24198,5.7,96927,22.8,39225,9.2,344140,80.9,136152,32.0
55,CA-35,CA,California,35,450565,32600,7.2,46007,10.2,126690,28.1,128310,28.5,36590,8.1,60612,13.5,19756,4.4,371958,82.6,80368,17.8
56,CA-36,CA,California,36,536333,22723,4.2,39828,7.4,183900,34.3,134038,25.0,42824,8.0,68798,12.8,44222,8.2,473782,88.3,113020,21.1
57,CA-37,CA,California,37,468463,25297,5.4,30477,6.5,78851,16.8,110517,23.6,28063,6.0,125134,26.7,70124,15.0,412689,88.1,195258,41.7
58,CA-38,CA,California,38,481296,30376,6.3,35106,7.3,136716,28.4,126053,26.2,39276,8.2,81103,16.9,32666,6.8,415814,86.4,113769,23.6
59,CA-39,CA,California,39,486713,13837,2.8,22452,4.6,91136,18.7,121947,25.1,44311,9.1,135432,27.8,57598,11.8,450424,92.5,193030,39.7
60,CA-40,CA,California,40,340435,43948,12.9,40368,11.9,98979,29.1,90081,26.5,22031,6.5,33112,9.7,11916,3.5,256119,75.2,45028,13.2
61,CA-41,CA,California,41,478613,29445,6.2,43330,9.1,152838,31.9,138115,28.9,34599,7.2,52557,11.0,27729,5.8,405838,84.8,80286,16.8
62,CA-42,CA,California,42,538265,17647,3.3,30484,5.7,151598,28.2,155168,28.8,50397,9.4,89357,16.6,43614,8.1,490134,91.1,132971,24.7
63,CA-43,CA,California,43,454185,24838,5.5,37427,8.2,101686,22.4,122622,27.0,37325,8.2,91995,20.3,38292,8.4,391920,86.3,130287,28.7
64,CA-44,CA,California,44,395819,36450,9.2,48320,12.2,118351,29.9,112113,28.3,24915,6.3,39798,10.1,15872,4.0,311049,78.6,55670,14.1
65,CA-45,CA,California,45,532802,8523,1.6,17150,3.2,68372,12.8,118194,22.2,44550,8.4,172817,32.4,103196,19.4,507129,95.2,276013,51.8
66,CA-46,CA,California,46,408633,35485,8.7,36525,8.9,106524,26.1,113914,27.9,28646,7.0,65341,16.0,22198,5.4,336623,82.4,87539,21.4
67,CA-47,CA,California,47,491712,30115,6.1,29772,6.1,91523,18.6,140344,28.5,41173,8.4,108005,22.0,50780,10.3,431825,87.8,158785,32.3
68,CA-48,CA,California,48,529832,19342,3.7,22208,4.2,86247,16.3,120132,22.7,41982,7.9,153100,28.9,86821,16.4,488282,92.2,239921,45.3
69,CA-49,CA,California,49,519302,12881,2.5,20673,4.0,96500,18.6,127415,24.5,44026,8.5,133953,25.8,83854,16.1,485748,93.5,217807,41.9
70,CA-50,CA,California,50,513522,16294,3.2,27775,5.4,124514,24.2,156195,30.4,47178,9.2,91516,17.8,50050,9.7,469453,91.4,141566,27.6
71,CA-51,CA,California,51,445034,38878,8.7,50724,11.4,123014,27.6,129769,29.2,31732,7.1,51404,11.6,19513,4.4,355432,79.9,70917,15.9
72,CA-52,CA,California,52,546843,10373,1.9,13673,2.5,73004,13.4,112056,20.5,38826,7.1,171061,31.3,127850,23.4,522797,95.6,298911,54.7
73,CA-53,CA,California,53,563962,14869,2.6,25197,4.5,110391,19.6,158624,28.1,51232,9.1,135825,24.1,67824,12.0,523896,92.9,203649,36.1
74,CO-1,CO,Colorado,1,619349,13793,2.2,32499,5.2,104087,16.8,119160,19.2,35245,5.7,196881,31.8,117684,19.0,573057,92.5,314565,50.8
75,CO-2,CO,Colorado,2,619285,4237,0.7,15601,2.5,97110,15.7,143708,23.2,44309,7.2,191323,30.9,122997,19.9,599447,96.8,314320,50.8
76,CO-3,CO,Colorado,3,565901,12223,2.2,37687,6.7,158596,28.0,141449,25.0,46311,8.2,113999,20.1,55636,9.8,515991,91.2,169635,30.0
77,CO-4,CO,Colorado,4,598599,13104,2.2,32566,5.4,146395,24.5,148746,24.8,55953,9.3,139737,23.3,62098,10.4,552929,92.4,201835,33.7
78,CO-5,CO,Colorado,5,603967,9193,1.5,29318,4.9,135266,22.4,161139,26.7,63094,10.4,125883,20.8,80074,13.3,565456,93.6,205957,34.1
79,CO-6,CO,Colorado,6,567801,9462,1.7,22659,4.0,126885,22.3,123362,21.7,52458,9.2,150079,26.4,82896,14.6,535680,94.3,232975,41.0
80,CO-7,CO,Colorado,7,576138,14180,2.5,39124,6.8,148551,25.8,132222,22.9,43442,7.5,129777,22.5,68842,11.9,522834,90.7,198619,34.5
81,CT-1,CT,Connecticut,1,523004,14315,2.7,31958,6.1,148797,28.5,102532,19.6,43400,8.3,105117,20.1,76885,14.7,476731,91.2,182002,34.8
82,CT-2,CT,Connecticut,2,548572,7574,1.4,27150,4.9,156233,28.5,129221,23.6,47580,8.7,106314,19.4,74500,13.6,513848,93.7,180814,33.0
83,CT-3,CT,Connecticut,3,535024,14528,2.7,27752,5.2,167980,31.4,107489,20.1,38650,7.2,96740,18.1,81885,15.3,492744,92.1,178625,33.4
84,CT-4,CT,Connecticut,4,496370,14385,2.9,22152,4.5,98469,19.8,84003,16.9,29367,5.9,140769,28.4,107225,21.6,459833,92.6,247994,50.0
85,CT-5,CT,Connecticut,5,511395,15558,3.0,31159,6.1,143865,28.1,102341,20.0,40031,7.8,106028,20.7,72413,14.2,464678,90.9,178441,34.9
86,DE-At-large,DE,Delaware,At-large,720867,16821,2.3,47602,6.6,244349,33.9,149356,20.7,54332,7.5,125319,17.4,83088,11.5,656444,91.1,208407,28.9
87,DC-At-large,DC,District of Columbia,At-large,526393,11472,2.2,24872,4.7,99438,18.9,81020,15.4,13643,2.6,137112,26.0,158836,30.2,490049,93.1,295948,56.2
88,FL-1,FL,Florida,1,601423,11473,1.9,41396,6.9,167806,27.9,157209,26.1,66005,11.0,102192,17.0,55342,9.2,548554,91.2,157534,26.2
89,FL-2,FL,Florida,2,573718,19297,3.4,49011,8.5,200868,35.0,132355,23.1,51171,8.9,77524,13.5,43492,7.6,505410,88.1,121016,21.1
90,FL-3,FL,Florida,3,579993,17474,3.0,44257,7.6,173145,29.9,136650,23.6,62348,10.7,93558,16.1,52561,9.1,518262,89.4,146119,25.2
91,FL-4,FL,Florida,4,614794,9782,1.6,30169,4.9,146569,23.8,135337,22.0,61260,10.0,145911,23.7,85766,14.0,574843,93.5,231677,37.7
92,FL-5,FL,Florida,5,541992,17187,3.2,60577,11.2,187964,34.7,130734,24.1,51138,9.4,64654,11.9,29738,5.5,464228,85.7,94392,17.4
93,FL-6,FL,Florida,6,621566,15372,2.5,44728,7.2,193189,31.1,154251,24.8,71867,11.6,95029,15.3,47130,7.6,561466,90.3,142159,22.9
94,FL-7,FL,Florida,7,581583,14057,2.4,28613,4.9,131277,22.6,132231,22.7,63569,10.9,137499,23.6,74337,12.8,538913,92.7,211836,36.4
95,FL-8,FL,Florida,8,610604,11745,1.9,42814,7.0,175186,28.7,135964,22.3,69417,11.4,110923,18.2,64555,10.6,556045,91.1,175478,28.7
96,FL-9,FL,Florida,9,644898,22249,3.5,64916,10.1,198755,30.8,142215,22.1,70018,10.9,94758,14.7,51987,8.1,557733,86.5,146745,22.8
97,FL-10,FL,Florida,10,546157,16662,3.1,43165,7.9,146227,26.8,116142,21.3,52596,9.6,118889,21.8,52476,9.6,486330,89.0,171365,31.4
98,FL-11,FL,Florida,11,652135,19364,3.0,57118,8.8,232153,35.6,149365,22.9,62744,9.6,83135,12.7,48256,7.4,575653,88.3,131391,20.1
99,FL-12,FL,Florida,12,605983,12341,2.0,39989,6.6,191626,31.6,133079,22.0,65873,10.9,107550,17.7,55525,9.2,553653,91.4,163075,26.9
100,FL-13,FL,Florida,13,584889,12754,2.2,37677,6.4,175088,29.9,131092,22.4,55287,9.5,114308,19.5,58683,10.0,534458,91.4,172991,29.6
101,FL-14,FL,Florida,14,534225,15219,2.8,34575,6.5,138443,25.9,106706,20.0,47826,9.0,123207,23.1,68249,12.8,484431,90.7,191456,35.8
102,FL-15,FL,Florida,15,578715,16064,2.8,46447,8.0,195588,33.8,126432,21.8,56395,9.7,96290,16.6,41499,7.2,516204,89.2,137789,23.8
103,FL-16,FL,Florida,16,638769,14980,2.3,36259,5.7,187530,29.4,139674,21.9,61955,9.7,116874,18.3,81497,12.8,587530,92.0,198371,31.1
104,FL-17,FL,Florida,17,615104,15762,2.6,53658,8.7,226865,36.9,132619,21.6,55929,9.1,82747,13.5,47524,7.7,545684,88.7,130271,21.2
105,FL-18,FL,Florida,18,599873,15985,2.7,39311,6.6,152802,25.5,133636,22.3,62729,10.5,121878,20.3,73532,12.3,544577,90.8,195410,32.6
106,FL-19,FL,Florida,19,631233,15013,2.4,31918,5.1,179026,28.4,132446,21.0,57669,9.1,133020,21.1,82141,13.0,584302,92.6,215161,34.1
107,FL-20,FL,Florida,20,507613,22815,4.5,51653,10.2,164095,32.3,121596,24.0,49310,9.7,65181,12.8,32963,6.5,433145,85.3,98144,19.3
108,FL-21,FL,Florida,21,546101,15920,2.9,29421,5.4,131770,24.1,122330,22.4,49903,9.1,123034,22.5,73723,13.5,500760,91.7,196757,36.0
109,FL-22,FL,Florida,22,534846,11245,2.1,25420,4.8,126205,23.6,108666,20.3,47172,8.8,132374,24.7,83764,15.7,498181,93.1,216138,40.4
110,FL-23,FL,Florida,23,510212,13523,2.7,25571,5.0,115797,22.7,111399,21.8,54768,10.7,113290,22.2,75864,14.9,471118,92.3,189154,37.1
111,FL-24,FL,Florida,24,477697,33910,7.1,47123,9.9,149787,31.4,97159,20.3,48600,10.2,67893,14.2,33225,7.0,396664,83.0,101118,21.2
112,FL-25,FL,Florida,25,453055,37112,8.2,44368,9.8,123628,27.3,81421,18.0,47705,10.5,75738,16.7,43083,9.5,371575,82.0,118821,26.2
113,FL-26,FL,Florida,26,476033,26938,5.7,38441,8.1,122547,25.7,103109,21.7,53290,11.2,91031,19.1,40677,8.5,410654,86.3,131708,27.7
114,FL-27,FL,Florida,27,464604,26237,5.6,19467,4.2,94714,20.4,79566,17.1,42066,9.1,115805,24.9,86749,18.7,418900,90.2,202554,43.6
115,GA-1,GA,Georgia,1,550713,13076,2.4,51187,9.3,178303,32.4,135737,24.6,43746,7.9,78779,14.3,49885,9.1,486450,88.3,128664,23.4
116,GA-2,GA,Georgia,2,498322,20248,4.1,66390,13.3,169049,33.9,124627,25.0,39880,8.0,47500,9.5,30628,6.1,411684,82.6,78128,15.7
117,GA-3,GA,Georgia,3,548941,12870,2.3,53250,9.7,171215,31.2,134661,24.5,41191,7.5,88304,16.1,47450,8.6,482821,88.0,135754,24.7
118,GA-4,GA,Georgia,4,527938,12326,2.3,34628,6.6,144760,27.4,119360,22.6,50992,9.7,105484,20.0,60388,11.4,480984,91.1,165872,31.4
119,GA-5,GA,Georgia,5,587385,9840,1.7,40514,6.9,143570,24.4,123885,21.1,33289,5.7,140361,23.9,95926,16.3,537031,91.4,236287,40.2
120,GA-6,GA,Georgia,6,496468,3838,0.8,13518,2.7,62535,12.6,82370,16.6,26140,5.3,192675,38.8,115392,23.2,479112,96.5,308067,62.1
121,GA-7,GA,Georgia,7,486845,11997,2.5,27262,5.6,98384,20.2,105666,21.7,40771,8.4,129421,26.6,73344,15.1,447586,91.9,202765,41.6
122,GA-8,GA,Georgia,8,527338,16772,3.2,52109,9.9,180436,34.2,120469,22.8,50294,9.5,65626,12.4,41632,7.9,458457,86.9,107258,20.3
123,GA-9,GA,Georgia,9,556967,20915,3.8,58839,10.6,176199,31.6,129920,23.3,42938,7.7,79230,14.2,48926,8.8,477213,85.7,128156,23.0
124,GA-10,GA,Georgia,10,565803,16236,2.9,54417,9.6,178589,31.6,140567,24.8,38035,6.7,84014,14.8,53945,9.5,495150,87.5,137959,24.4
125,GA-11,GA,Georgia,11,559687,12223,2.2,28369,5.1,126635,22.6,129341,23.1,40561,7.2,146772,26.2,75786,13.5,519095,92.7,222558,39.8
126,GA-12,GA,Georgia,12,540482,18105,3.3,64330,11.9,182860,33.8,127517,23.6,44276,8.2,64104,11.9,39290,7.3,458047,84.7,103394,19.1
127,GA-13,GA,Georgia,13,523476,14231,2.7,32325,6.2,155629,29.7,120674,23.1,52827,10.1,93323,17.8,54467,10.4,476920,91.1,147790,28.2
128,GA-14,GA,Georgia,14,516434,20663,4.0,61089,11.8,185972,36.0,119974,23.2,40531,7.8,59489,11.5,28716,5.6,434682,84.2,88205,17.1
129,HI-1,HI,Hawaii,1,509992,18207,3.6,19349,3.8,126402,24.8,109925,21.6,58055,11.4,118497,23.2,59557,11.7,472436,92.6,178054,34.9
130,HI-2,HI,Hawaii,2,506514,10572,2.1,20387,4.0,157455,31.1,122896,24.3,53696,10.6,92114,18.2,49394,9.8,475555,93.9,141508,27.9
131,ID-1,ID,Idaho,1,661724,12452,1.9,41976,6.3,205140,31.0,183158,27.7,59297,9.0,110571,16.7,49130,7.4,607296,91.8,159701,24.1
132,ID-2,ID,Idaho,2,590690,12020,2.0,36656,6.2,159307,27.0,162494,27.5,59596,10.1,109434,18.5,51183,8.7,542014,91.8,160617,27.2
133,IL-1,IL,Illinois,1,524114,13382,2.6,36079,6.9,141235,26.9,147033,28.1,42550,8.1,88916,17.0,54919,10.5,474653,90.6,143835,27.4
134,IL-2,IL,Illinois,2,497132,15982,3.2,37616,7.6,154265,31.0,144163,29.0,38427,7.7,65329,13.1,41350,8.3,443534,89.2,106679,21.5
135,IL-3,IL,Illinois,3,479004,20411,4.3,31844,6.6,138119,28.8,113600,23.7,36894,7.7,86940,18.2,51196,10.7,426749,89.1,138136,28.8
136,IL-4,IL,Illinois,4,410804,31711,7.7,31795,7.7,116237,28.3,86500,21.1,26307,6.4,79404,19.3,38850,9.5,347298,84.5,118254,28.8
137,IL-5,IL,Illinois,5,545831,13658,2.5,20600,3.8,88159,16.2,86996,15.9,30022,5.5,190524,34.9,115872,21.2,511573,93.7,306396,56.1
138,IL-6,IL,Illinois,6,523796,5724,1.1,14778,2.8,92688,17.7,104221,19.9,42065,8.0,163509,31.2,100811,19.2,503294,96.1,264320,50.5
139,IL-7,IL,Illinois,7,522767,19914,3.8,44571,8.5,126591,24.2,97863,18.7,29955,5.7,114874,22.0,88999,17.0,458282,87.7,203873,39.0
140,IL-8,IL,Illinois,8,442009,14574,3.3,25703,5.8,112359,25.4,104972,23.7,36554,8.3,101932,23.1,45915,10.4,401732,90.9,147847,33.4
141,IL-9,IL,Illinois,9,498242,12446,2.5,18151,3.6,75642,15.2,89548,18.0,25709,5.2,158190,31.7,118556,23.8,467645,93.9,276746,55.5
142,IL-10,IL,Illinois,10,468255,11965,2.6,23059,4.9,103944,22.2,94552,20.2,28798,6.2,120239,25.7,85698,18.3,433231,92.5,205937,44.0
143,IL-11,IL,Illinois,11,472244,17113,3.6,25704,5.4,122116,25.9,112340,23.8,38441,8.1,102807,21.8,53723,11.4,429427,90.9,156530,33.1
144,IL-12,IL,Illinois,12,528398,13675,2.6,43253,8.2,158926,30.1,138129,26.1,58073,11.0,70358,13.3,45984,8.7,471470,89.2,116342,22.0
145,IL-13,IL,Illinois,13,539012,8353,1.5,36483,6.8,159955,29.7,150405,27.9,44338,8.2,87182,16.2,52296,9.7,494176,91.7,139478,25.9
146,IL-14,IL,Illinois,14,525729,7422,1.4,19212,3.7,124492,23.7,117595,22.4,46380,8.8,132966,25.3,77662,14.8,499095,94.9,210628,40.1
147,IL-15,IL,Illinois,15,532371,17323,3.3,36130,6.8,182687,34.3,131779,24.8,65834,12.4,65766,12.4,32852,6.2,478918,90.0,98618,18.5
148,IL-16,IL,Illinois,16,520730,11612,2.2,35477,6.8,173370,33.3,131365,25.2,51308,9.9,77192,14.8,40406,7.8,473641,91.0,117598,22.6
149,IL-17,IL,Illinois,17,512994,12791,2.5,41460,8.1,180323,35.2,135030,26.3,49490,9.6,64298,12.5,29602,5.8,458743,89.4,93900,18.3
150,IL-18,IL,Illinois,18,531334,7398,1.4,26188,4.9,161404,30.4,123574,23.3,51059,9.6,103186,19.4,58525,11.0,497748,93.7,161711,30.4
151,IN-1,IN,Indiana,1,537218,15827,2.9,39082,7.3,203110,37.8,119820,22.3,42828,8.0,75903,14.1,40648,7.6,482309,89.8,116551,21.7
152,IN-2,IN,Indiana,2,522778,21594,4.1,47509,9.1,184043,35.2,114242,21.9,41276,7.9,74939,14.3,39175,7.5,453675,86.8,114114,21.8
153,IN-3,IN,Indiana,3,540022,24962,4.6,39506,7.3,181653,33.6,118858,22.0,54516,10.1,80216,14.9,40311,7.5,475554,88.1,120527,22.3
154,IN-4,IN,Indiana,4,567094,10609,1.9,44664,7.9,185184,32.7,144319,25.4,42189,7.4,94729,16.7,45400,8.0,511821,90.3,140129,24.7
155,IN-5,IN,Indiana,5,573500,7874,1.4,31757,5.5,132283,23.1,111666,19.5,41307,7.2,159493,27.8,89120,15.5,533869,93.1,248613,43.4
156,IN-6,IN,Indiana,6,549035,14539,2.6,44936,8.2,211907,38.6,123259,22.5,46997,8.6,70573,12.9,36824,6.7,489560,89.2,107397,19.6
157,IN-7,IN,Indiana,7,521076,19219,3.7,55057,10.6,165068,31.7,121074,23.2,39679,7.6,83617,16.0,37362,7.2,446800,85.7,120979,23.2
158,IN-8,IN,Indiana,8,549149,13854,2.5,44235,8.1,199238,36.3,126328,23.0,55295,10.1,74429,13.6,35770,6.5,491060,89.4,110199,20.1
159,IN-9,IN,Indiana,9,575308,13440,2.3,45094,7.8,184388,32.1,136666,23.8,51280,8.9,93652,16.3,50788,8.8,516774,89.8,144440,25.1
160,IA-1,IA,Iowa,1,580187,10403,1.8,31841,5.5,186334,32.1,139524,24.0,66233,11.4,103434,17.8,42418,7.3,537943,92.7,145852,25.1
161,IA-2,IA,Iowa,2,581525,14502,2.5,32181,5.5,181637,31.2,138368,23.8,62570,10.8,100403,17.3,51864,8.9,534842,92.0,152267,26.2
162,IA-3,IA,Iowa,3,601044,10445,1.7,27957,4.7,165086,27.5,130362,21.7,67070,11.2,143505,23.9,56619,9.4,562642,93.6,200124,33.3
163,IA-4,IA,Iowa,4,564463,13685,2.4,26732,4.7,181685,32.2,142529,25.3,71368,12.6,92602,16.4,35862,6.4,524046,92.8,128464,22.8
164,KS-1,KS,Kansas,1,502712,12442,2.5,31720,6.3,141894,28.2,148118,29.5,49034,9.8,79479,15.8,40025,8.0,458550,91.2,119504,23.8
165,KS-2,KS,Kansas,2,538594,10243,1.9,29071,5.4,166239,30.9,145338,27.0,44292,8.2,89919,16.7,53492,9.9,499280,92.7,143411,26.6
166,KS-3,KS,Kansas,3,534532,6396,1.2,21154,4.0,103781,19.4,110692,20.7,44127,8.3,160373,30.0,88009,16.5,506982,94.8,248382,46.5
167,KS-4,KS,Kansas,4,515676,12731,2.5,29123,5.6,141880,27.5,136403,26.5,51216,9.9,93325,18.1,50998,9.9,473822,91.9,144323,28.0
168,KY-1,KY,Kentucky,1,552530,26266,4.8,50054,9.1,213537,38.6,125821,22.8,45881,8.3,55668,10.1,35303,6.4,476210,86.2,90971,16.5
169,KY-2,KY,Kentucky,2,577362,22663,3.9,45724,7.9,208390,36.1,137329,23.8,52998,9.2,67449,11.7,42809,7.4,508975,88.2,110258,19.1
170,KY-3,KY,Kentucky,3,553926,14480,2.6,38084,6.9,148675,26.8,132071,23.8,46423,8.4,106700,19.3,67493,12.2,501362,90.5,174193,31.4
171,KY-4,KY,Kentucky,4,565232,16810,3.0,35959,6.4,179790,31.8,131274,23.2,46361,8.2,95591,16.9,59447,10.5,512463,90.7,155038,27.4
172,KY-5,KY,Kentucky,5,537877,50910,9.5,62212,11.6,210309,39.1,107623,20.0,38928,7.2,36855,6.9,31040,5.8,424755,79.0,67895,12.6
173,KY-6,KY,Kentucky,6,581992,18838,3.2,40094,6.9,165357,28.4,140327,24.1,47850,8.2,101591,17.5,67935,11.7,523060,89.9,169526,29.1
174,LA-1,LA,Louisiana,1,594231,22976,3.9,46326,7.8,181597,30.6,133569,22.5,37836,6.4,113783,19.1,58144,9.8,524929,88.3,171927,28.9
175,LA-2,LA,Louisiana,2,587115,18967,3.2,72122,12.3,187613,32.0,144049,24.5,33507,5.7,84066,14.3,46791,8.0,496026,84.5,130857,22.3
176,LA-3,LA,Louisiana,3,577604,28375,4.9,61411,10.6,212519,36.8,128338,22.2,31824,5.5,81119,14.0,34018,5.9,487818,84.5,115137,19.9
177,LA-4,LA,Louisiana,4,559310,19471,3.5,60020,10.7,216739,38.8,118730,21.2,43715,7.8,67763,12.1,32872,5.9,479819,85.8,100635,18.0
178,LA-5,LA,Louisiana,5,555804,26500,4.8,70036,12.6,217657,39.2,125996,22.7,29380,5.3,58938,10.6,27297,4.9,459268,82.6,86235,15.5
179,LA-6,LA,Louisiana,6,585015,16394,2.8,40897,7.0,183341,31.3,145679,24.9,35651,6.1,107690,18.4,55363,9.5,527724,90.2,163053,27.9
180,ME-1,ME,Maine,1,546625,9218,1.7,21182,3.9,148584,27.2,118434,21.7,49043,9.0,125615,23.0,74549,13.6,516225,94.4,200164,36.6
181,ME-2,ME,Maine,2,524036,15382,2.9,31342,6.0,193922,37.0,118291,22.6,50258,9.6,79583,15.2,35258,6.7,477312,91.1,114841,21.9
182,MD-1,MD,Maryland,1,567926,11726,2.1,37787,6.7,177042,31.2,127075,22.4,41891,7.4,105136,18.5,67269,11.8,518413,91.3,172405,30.4
183,MD-2,MD,Maryland,2,560167,16574,3.0,34985,6.2,161499,28.8,129727,23.2,41263,7.4,101022,18.0,75097,13.4,508608,90.8,176119,31.4
184,MD-3,MD,Maryland,3,545892,10209,1.9,25162,4.6,111377,20.4,105942,19.4,34241,6.3,143984,26.4,114977,21.1,510521,93.5,258961,47.4
185,MD-4,MD,Maryland,4,503398,11427,2.3,27961,5.6,129278,25.7,123933,24.6,34678,6.9,106875,21.2,69246,13.8,464010,92.2,176121,35.0
186,MD-5,MD,Maryland,5,556897,9108,1.6,26920,4.8,150696,27.1,140038,25.1,39331,7.1,113166,20.3,77638,13.9,520869,93.5,190804,34.3
187,MD-6,MD,Maryland,6,523698,11779,2.2,27784,5.3,131280,25.1,104816,20.0,41238,7.9,114476,21.9,92325,17.6,484135,92.4,206801,39.5
188,MD-7,MD,Maryland,7,528398,14993,2.8,42520,8.0,138110,26.1,111925,21.2,31056,5.9,103203,19.5,86591,16.4,470885,89.1,189794,35.9
189,MD-8,MD,Maryland,8,533774,12011,2.3,22567,4.2,89808,16.8,87569,16.4,30438,5.7,138741,26.0,152640,28.6,499196,93.5,291381,54.6
190,MA-1,MA,Massachusetts,1,568024,21501,3.8,47878,8.4,168513,29.7,119025,21.0,51702,9.1,98511,17.3,60894,10.7,498645,87.8,159405,28.1
191,MA-2,MA,Massachusetts,2,558962,10877,1.9,27394,4.9,142691,25.5,128700,23.0,45337,8.1,122005,21.8,81958,14.7,520691,93.2,203963,36.5
192,MA-3,MA,Massachusetts,3,543580,19912,3.7,35924,6.6,140895,25.9,107707,19.8,41539,7.6,117417,21.6,80186,14.8,487744,89.7,197603,36.4
193,MA-4,MA,Massachusetts,4,559943,11369,2.0,24581,4.4,121145,21.6,96416,17.2,38926,7.0,140418,25.1,127088,22.7,523993,93.6,267506,47.8
194,MA-5,MA,Massachusetts,5,535109,10528,2.0,15012,2.8,98703,18.4,75536,14.1,28827,5.4,159445,29.8,147058,27.5,509569,95.2,306503,57.3
195,MA-6,MA,Massachusetts,6,577241,12735,2.2,22809,4.0,140305,24.3,101221,17.5,44564,7.7,152611,26.4,102996,17.8,541697,93.8,255607,44.3
196,MA-7,MA,Massachusetts,7,558430,25821,4.6,31702,5.7,103504,18.5,123204,22.1,26449,4.7,143773,25.7,103977,18.6,500907,89.7,247750,44.4
197,MA-8,MA,Massachusetts,8,561241,14964,2.7,22735,4.1,119668,21.3,98794,17.6,42482,7.6,156558,27.9,106040,18.9,523542,93.3,262598,46.8
198,MA-9,MA,Massachusetts,9,573274,20503,3.6,32699,5.7,162931,28.4,110891,19.3,50771,8.9,118636,20.7,76843,13.4,520072,90.7,195479,34.1
199,MI-1,MI,Michigan,1,564858,9793,1.7,36336,6.4,186144,33.0,139849,24.8,56267,10.0,89162,15.8,47307,8.4,518729,91.8,136469,24.2
200,MI-2,MI,Michigan,2,551323,9933,1.8,31859,5.8,174642,31.7,146931,26.7,52975,9.6,93328,16.9,41655,7.6,509531,92.4,134983,24.5
201,MI-3,MI,Michigan,3,551028,8238,1.5,30859,5.6,156293,28.4,136932,24.9,51216,9.3,112209,20.4,55281,10.0,511931,92.9,167490,30.4
202,MI-4,MI,Michigan,4,554938,12192,2.2,38199,6.9,191898,34.6,149293,26.9,54823,9.9,67991,12.3,40542,7.3,504547,90.9,108533,19.6
203,MI-5,MI,Michigan,5,520558,15810,3.0,40216,7.7,176679,33.9,138006,26.5,53758,10.3,63145,12.1,32944,6.3,464532,89.2,96089,18.5
204,MI-6,MI,Michigan,6,541981,12744,2.4,35945,6.6,159576,29.4,142047,26.2,51155,9.4,89738,16.6,50776,9.4,493292,91.0,140514,25.9
205,MI-7,MI,Michigan,7,548462,9235,1.7,34581,6.3,177551,32.4,144184,26.3,52211,9.5,84659,15.4,46041,8.4,504646,92.0,130700,23.8
206,MI-8,MI,Michigan,8,554462,7238,1.3,24262,4.4,126429,22.8,151037,27.2,48014,8.7,122938,22.2,74544,13.4,522962,94.3,197482,35.6
207,MI-9,MI,Michigan,9,552114,13567,2.5,37795,6.8,152491,27.6,138059,25.0,49408,8.9,102506,18.6,58288,10.6,500752,90.7,160794,29.1
208,MI-10,MI,Michigan,10,553804,13316,2.4,33455,6.0,175993,31.8,145237,26.2,61063,11.0,81127,14.6,43613,7.9,507033,91.6,124740,22.5
209,MI-11,MI,Michigan,11,534817,6943,1.3,18181,3.4,106280,19.9,119626,22.4,45347,8.5,146777,27.4,91663,17.1,509693,95.3,238440,44.6
210,MI-12,MI,Michigan,12,526943,12059,2.3,31508,6.0,132700,25.2,143023,27.1,40587,7.7,93822,17.8,73244,13.9,483376,91.7,167066,31.7
211,MI-13,MI,Michigan,13,474739,16791,3.5,56117,11.8,171156,36.1,124222,26.2,34310,7.2,48351,10.2,23792,5.0,401831,84.6,72143,15.2
212,MI-14,MI,Michigan,14,512851,13291,2.6,50257,9.8,130078,25.4,132529,25.8,38470,7.5,84144,16.4,64082,12.5,449303,87.6,148226,28.9
213,MN-1,MN,Minnesota,1,500330,11191,2.2,25623,5.1,145731,29.1,117157,23.4,62200,12.4,95022,19.0,43406,8.7,463516,92.6,138428,27.7
214,MN-2,MN,Minnesota,2,511914,6801,1.3,19991,3.9,115471,22.6,114408,22.3,64360,12.6,136504,26.7,54379,10.6,485122,94.8,190883,37.3
215,MN-3,MN,Minnesota,3,517834,6990,1.3,14392,2.8,92869,17.9,103178,19.9,47633,9.2,169886,32.8,82886,16.0,496452,95.9,252772,48.8
216,MN-4,MN,Minnesota,4,510862,14355,2.8,20873,4.1,103156,20.2,108603,21.3,46707,9.1,136824,26.8,80344,15.7,475634,93.1,217168,42.5
217,MN-5,MN,Minnesota,5,517155,11079,2.1,20949,4.1,94215,18.2,113435,21.9,39172,7.6,157619,30.5,80686,15.6,485127,93.8,238305,46.1
218,MN-6,MN,Minnesota,6,525551,7139,1.4,21214,4.0,147962,28.2,131594,25.0,69220,13.2,103398,19.7,45024,8.6,497198,94.6,148422,28.2
219,MN-7,MN,Minnesota,7,495727,10746,2.2,26785,5.4,159672,32.2,121783,24.6,73217,14.8,75070,15.1,28454,5.7,458196,92.4,103524,20.9
220,MN-8,MN,Minnesota,8,527541,6488,1.2,32123,6.1,164070,31.1,141250,26.8,66648,12.6,81173,15.4,35789,6.8,488930,92.7,116962,22.2
221,MS-1,MS,Mississippi,1,577880,25710,4.4,61515,10.6,178253,30.8,148330,25.7,53761,9.3,73625,12.7,36686,6.3,490655,84.9,110311,19.1
222,MS-2,MS,Mississippi,2,523479,27158,5.2,61742,11.8,156611,29.9,134088,25.6,49979,9.5,61189,11.7,32712,6.2,434579,83.0,93901,17.9
223,MS-3,MS,Mississippi,3,559913,18828,3.4,50887,9.1,157990,28.2,133449,23.8,55055,9.8,86826,15.5,56878,10.2,490198,87.5,143704,25.7
224,MS-4,MS,Mississippi,4,579386,21770,3.8,49267,8.5,176706,30.5,144554,24.9,66264,11.4,76361,13.2,44464,7.7,508349,87.7,120825,20.9
225,MO-1,MO,Missouri,1,549361,12310,2.2,43630,7.9,145273,26.4,139298,25.4,42877,7.8,99489,18.1,66484,12.1,493421,89.8,165973,30.2
226,MO-2,MO,Missouri,2,575828,5743,1.0,22150,3.8,112586,19.6,121714,21.1,46557,8.1,157696,27.4,109382,19.0,547935,95.2,267078,46.4
227,MO-3,MO,Missouri,3,602748,12247,2.0,42874,7.1,192787,32.0,148492,24.6,54942,9.1,99269,16.5,52137,8.6,547627,90.9,151406,25.1
228,MO-4,MO,Missouri,4,584925,17240,2.9,39370,6.7,192692,32.9,159060,27.2,45652,7.8,82367,14.1,48544,8.3,528315,90.3,130911,22.4
229,MO-5,MO,Missouri,5,573775,11163,1.9,37919,6.6,181971,31.7,146002,25.4,41360,7.2,101080,17.6,54280,9.5,524693,91.4,155360,27.1
230,MO-6,MO,Missouri,6,583457,12999,2.2,38361,6.6,191683,32.9,141271,24.2,44012,7.5,103472,17.7,51659,8.9,532097,91.2,155131,26.6
231,MO-7,MO,Missouri,7,595559,16583,2.8,44724,7.5,190912,32.1,164558,27.6,48250,8.1,86385,14.5,44147,7.4,534252,89.7,130532,21.9
232,MO-8,MO,Missouri,8,567717,25839,4.6,61909,10.9,217973,38.4,125854,22.2,44447,7.8,57370,10.1,34325,6.0,479969,84.5,91695,16.2
233,MT-At-large,MT,Montana,At-large,823668,13693,1.7,43308,5.3,235406,28.6,213870,26.0,75647,9.2,161452,19.6,80292,9.7,766667,93.1,241744,29.3
234,NE-1,NE,Nebraska,1,473676,9660,2.0,19293,4.1,124712,26.3,118501,25.0,55985,11.8,99467,21.0,46058,9.7,444723,93.9,145525,30.7
235,NE-2,NE,Nebraska,2,467041,10190,2.2,22645,4.8,100349,21.5,115551,24.7,38525,8.2,118383,25.3,61398,13.1,434206,93.0,179781,38.5
236,NE-3,NE,Nebraska,3,439543,12722,2.9,26245,6.0,139853,31.8,115467,26.3,50287,11.4,66060,15.0,28909,6.6,400576,91.1,94969,21.6
237,NV-1,NV,Nevada,1,418811,19852,4.7,47042,11.2,142383,34.0,113629,27.1,30519,7.3,45994,11.0,19392,4.6,351917,84.0,65386,15.6
238,NV-2,NV,Nevada,2,531489,11462,2.2,31568,5.9,143551,27.0,154908,29.1,53108,10.0,88411,16.6,48481,9.1,488459,91.9,136892,25.8
239,NV-3,NV,Nevada,3,607915,8687,1.4,29939,4.9,158850,26.1,170118,28.0,51956,8.5,121177,19.9,67188,11.1,569289,93.6,188365,31.0
240,NV-4,NV,Nevada,4,516951,14955,2.9,45162,8.7,163158,31.6,144930,28.0,42552,8.2,69252,13.4,36942,7.1,456834,88.4,106194,20.5
241,NH-1,NH,New Hampshire,1,540224,10894,2.0,25623,4.7,148958,27.6,116840,21.6,54784,10.1,116183,21.5,66942,12.4,503707,93.2,183125,33.9
242,NH-2,NH,New Hampshire,2,529588,10705,2.0,25258,4.8,158217,29.9,106418,20.1,47940,9.1,111299,21.0,69751,13.2,493625,93.2,181050,34.2
243,NJ-1,NJ,New Jersey,1,542034,16319,3.0,31520,5.8,165958,30.6,123582,22.8,41164,7.6,107091,19.8,56400,10.4,494195,91.2,163491,30.2
244,NJ-2,NJ,New Jersey,2,531339,19139,3.6,35455,6.7,179700,33.8,111411,21.0,44933,8.5,92001,17.3,48700,9.2,476745,89.7,140701,26.5
245,NJ-3,NJ,New Jersey,3,570276,11036,1.9,28728,5.0,171625,30.1,125890,22.1,46323,8.1,124314,21.8,62360,10.9,530512,93.0,186674,32.7
246,NJ-4,NJ,New Jersey,4,539643,7426,1.4,22922,4.2,138907,25.7,101856,18.9,42616,7.9,146774,27.2,79142,14.7,509295,94.4,225916,41.9
247,NJ-5,NJ,New Jersey,5,527932,9640,1.8,18646,3.5,120924,22.9,95213,18.0,38861,7.4,156892,29.7,87756,16.6,499646,94.6,244648,46.3
248,NJ-6,NJ,New Jersey,6,502463,18190,3.6,27793,5.5,138084,27.5,112318,22.4,34698,6.9,110548,22.0,60832,12.1,456480,90.8,171380,34.1
249,NJ-7,NJ,New Jersey,7,527076,8590,1.6,18428,3.5,104521,19.8,88756,16.8,30510,5.8,160373,30.4,115898,22.0,500058,94.9,276271,52.4
250,NJ-8,NJ,New Jersey,8,425604,32045,7.5,30291,7.1,114505,26.9,75754,17.8,22620,5.3,98333,23.1,52056,12.2,363268,85.4,150389,35.3
251,NJ-9,NJ,New Jersey,9,481499,24204,5.0,28993,6.0,141341,29.4,97275,20.2,25967,5.4,113494,23.6,50225,10.4,428302,89.0,163719,34.0
252,NJ-10,NJ,New Jersey,10,496051,21327,4.3,36289,7.3,149163,30.1,109164,22.0,30408,6.1,99333,20.0,50367,10.2,438435,88.4,149700,30.2
253,NJ-11,NJ,New Jersey,11,548734,8304,1.5,17079,3.1,114551,20.9,81464,14.8,32798,6.0,173542,31.6,120996,22.1,523351,95.4,294538,53.7
254,NJ-12,NJ,New Jersey,12,505683,12226,2.4,25121,5.0,116442,23.0,94601,18.7,30934,6.1,131616,26.0,94743,18.7,468336,92.6,226359,44.8
255,NM-1,NM,New Mexico,1,514775,14575,2.8,38448,7.5,123565,24.0,134273,26.1,37779,7.3,91242,17.7,74893,14.5,461752,89.7,166135,32.3
256,NM-2,NM,New Mexico,2,484702,25613,5.3,50753,10.5,144472,29.8,130910,27.0,37556,7.7,59184,12.2,36214,7.5,408336,84.2,95398,19.7
257,NM-3,NM,New Mexico,3,507907,16244,3.2,45208,8.9,138477,27.3,133972,26.4,44223,8.7,75882,14.9,53901,10.6,446455,87.9,129783,25.6
258,NY-1,NY,New York,1,530436,11716,2.2,22721,4.3,146227,27.6,108727,20.5,54503,10.3,107773,20.3,78769,14.8,495999,93.5,186542,35.2
259,NY-2,NY,New York,2,515987,14938,2.9,24165,4.7,163159,31.6,101117,19.6,48398,9.4,96309,18.7,67901,13.2,476884,92.4,164210,31.8
260,NY-3,NY,New York,3,521235,12083,2.3,15479,3.0,92304,17.7,80942,15.5,38732,7.4,149877,28.8,131818,25.3,493673,94.7,281695,54.0
261,NY-4,NY,New York,4,506457,14448,2.9,19140,3.8,119211,23.5,93213,18.4,41524,8.2,123603,24.4,95318,18.8,472869,93.4,218921,43.2
262,NY-5,NY,New York,5,501784,30580,6.1,40856,8.1,140344,28.0,114537,22.8,40504,8.1,89820,17.9,45143,9.0,430348,85.8,134963,26.9
263,NY-6,NY,New York,6,448065,22673,5.1,25120,5.6,100527,22.4,78484,17.5,40118,9.0,111528,24.9,69615,15.5,400272,89.3,181143,40.4
264,NY-7,NY,New York,7,446196,41149,9.2,45605,10.2,99671,22.3,65023,14.6,22128,5.0,107616,24.1,65004,14.6,359442,80.6,172620,38.7
265,NY-8,NY,New York,8,540660,27000,5.0,41189,7.6,156102,28.9,92901,17.2,36933,6.8,116774,21.6,69761,12.9,472471,87.4,186535,34.5
266,NY-9,NY,New York,9,486880,22883,4.7,35096,7.2,118321,24.3,87241,17.9,29969,6.2,113807,23.4,79563,16.3,428901,88.1,193370,39.7
267,NY-10,NY,New York,10,473542,19000,4.0,20070,4.2,71311,15.1,58966,12.5,17104,3.6,156063,33.0,131028,27.7,434472,91.7,287091,60.6
268,NY-11,NY,New York,11,500998,23412,4.7,31674,6.3,146260,29.2,84487,16.9,33972,6.8,113826,22.7,67367,13.4,445912,89.0,181193,36.2
269,NY-12,NY,New York,12,530252,9944,1.9,11765,2.2,58965,11.1,54444,10.3,18603,3.5,213640,40.3,162891,30.7,508543,95.9,376531,71.0
270,NY-13,NY,New York,13,505003,45480,9.0,52923,10.5,116625,23.1,97645,19.3,27711,5.5,101544,20.1,63075,12.5,406600,80.5,164619,32.6
271,NY-14,NY,New York,14,392398,28934,7.4,34023,8.7,103936,26.5,68842,17.5,38092,9.7,77500,19.8,41071,10.5,329441,84.0,118571,30.2
272,NY-15,NY,New York,15,410819,43443,10.6,63045,15.3,120551,29.3,88448,21.5,35746,8.7,44672,10.9,14914,3.6,304331,74.1,59586,14.5
273,NY-16,NY,New York,16,498243,22025,4.4,44135,8.9,110388,22.2,86548,17.4,35996,7.2,104749,21.0,94402,18.9,432083,86.7,199151,40.0
274,NY-17,NY,New York,17,502861,15011,3.0,27055,5.4,103228,20.5,89675,17.8,31641,6.3,124810,24.8,111441,22.2,460795,91.6,236251,47.0
275,NY-18,NY,New York,18,524373,13184,2.5,33335,6.4,138460,26.4,108005,20.6,54987,10.5,99202,18.9,77200,14.7,477854,91.1,176402,33.6
276,NY-19,NY,New York,19,553713,12382,2.2,38099,6.9,180308,32.6,109863,19.8,61407,11.1,86884,15.7,64770,11.7,503232,90.9,151654,27.4
277,NY-20,NY,New York,20,557251,11855,2.1,30341,5.4,144020,25.8,108879,19.5,64695,11.6,108983,19.6,88478,15.9,515055,92.4,197461,35.4
278,NY-21,NY,New York,21,551303,16698,3.0,38600,7.0,194736,35.3,112276,20.4,63520,11.5,70568,12.8,54905,10.0,496005,90.0,125473,22.8
279,NY-22,NY,New York,22,539437,14642,2.7,36008,6.7,179578,33.3,119746,22.2,65355,12.1,70741,13.1,53367,9.9,488787,90.6,124108,23.0
280,NY-23,NY,New York,23,544564,18587,3.4,37095,6.8,179495,33.0,118875,21.8,63438,11.6,70304,12.9,56770,10.4,488882,89.8,127074,23.3
281,NY-24,NY,New York,24,539797,11763,2.2,37238,6.9,158002,29.3,114039,21.1,63677,11.8,88030,16.3,67048,12.4,490796,90.9,155078,28.7
282,NY-25,NY,New York,25,543698,14162,2.6,35686,6.6,126748,23.3,108770,20.0,59614,11.0,112460,20.7,86258,15.9,493850,90.8,198718,36.5
283,NY-26,NY,New York,26,539694,14560,2.7,38176,7.1,146000,27.1,114829,21.3,57892,10.7,98034,18.2,70203,13.0,486958,90.2,168237,31.2
284,NY-27,NY,New York,27,564383,8541,1.5,29189,5.2,170217,30.2,112414,19.9,77305,13.7,92489,16.4,74228,13.2,526653,93.3,166717,29.5
285,NC-1,NC,North Carolina,1,566173,20304,3.6,51413,9.1,164037,29.0,132054,23.3,48077,8.5,91176,16.1,59112,10.4,494456,87.3,150288,26.5
286,NC-2,NC,North Carolina,2,601142,10786,1.8,37067,6.2,145278,24.2,135285,22.5,63189,10.5,141071,23.5,68466,11.4,553289,92.0,209537,34.9
287,NC-3,NC,North Carolina,3,579504,17246,3.0,43953,7.6,175802,30.3,152531,26.3,61442,10.6,85929,14.8,42601,7.4,518305,89.4,128530,22.2
288,NC-4,NC,North Carolina,4,624834,7044,1.1,25433,4.1,93039,14.9,128496,20.6,43302,6.9,203436,32.6,124084,19.9,592357,94.8,327520,52.4
289,NC-5,NC,North Carolina,5,572721,18306,3.2,51302,9.0,163139,28.5,143164,25.0,54965,9.6,93622,16.3,48223,8.4,503113,87.8,141845,24.8
290,NC-6,NC,North Carolina,6,567392,17938,3.2,46521,8.2,162821,28.7,142372,25.1,61424,10.8,92441,16.3,43875,7.7,502933,88.6,136316,24.0
291,NC-7,NC,North Carolina,7,613510,14702,2.4,49951,8.1,171600,28.0,157945,25.7,65470,10.7,104727,17.1,49115,8.0,548857,89.5,153842,25.1
292,NC-8,NC,North Carolina,8,581896,15442,2.7,43292,7.4,165047,28.4,150451,25.9,61657,10.6,96263,16.5,49744,8.5,523162,89.9,146007,25.1
293,NC-9,NC,North Carolina,9,561804,16889,3.0,45406,8.1,142144,25.3,122465,21.8,45150,8.0,127162,22.6,62588,11.1,499509,88.9,189750,33.8
294,NC-10,NC,North Carolina,10,585102,17667,3.0,52820,9.0,175345,30.0,137346,23.5,62071,10.6,95374,16.3,44479,7.6,514615,88.0,139853,23.9
295,NC-11,NC,North Carolina,11,604505,19136,3.2,53301,8.8,177956,29.4,141325,23.4,61958,10.2,96127,15.9,54702,9.0,532068,88.0,150829,25.0
296,NC-12,NC,North Carolina,12,591843,10567,1.8,36235,6.1,111910,18.9,146130,24.7,51052,8.6,162829,27.5,73120,12.4,545041,92.1,235949,39.9
297,NC-13,NC,North Carolina,13,579274,14751,2.5,48189,8.3,158035,27.3,147984,25.5,54321,9.4,106577,18.4,49417,8.5,516334,89.1,155994,26.9
298,ND-At-large,ND,North Dakota,At-large,567351,15546,2.7,25287,4.5,148841,26.2,144944,25.5,82195,14.5,115082,20.3,35456,6.2,526518,92.8,150538,26.5
299,OH-1,OH,Ohio,1,541695,12480,2.3,37906,7.0,159131,29.4,112921,20.8,42517,7.8,109523,20.2,67217,12.4,491309,90.7,176740,32.6
300,OH-2,OH,Ohio,2,557971,12806,2.3,38836,7.0,179331,32.1,115407,20.7,42885,7.7,107448,19.3,61258,11.0,506329,90.7,168706,30.2
301,OH-3,OH,Ohio,3,560963,12033,2.1,46819,8.3,162352,28.9,149107,26.6,41456,7.4,102291,18.2,46905,8.4,502111,89.5,149196,26.6
302,OH-4,OH,Ohio,4,542874,8396,1.5,40645,7.5,227241,41.9,118829,21.9,54698,10.1,61147,11.3,31918,5.9,493833,91.0,93065,17.1
303,OH-5,OH,Ohio,5,549171,8179,1.5,33024,6.0,194792,35.5,126171,23.0,49952,9.1,85505,15.6,51548,9.4,507968,92.5,137053,25.0
304,OH-6,OH,Ohio,6,545803,15035,2.8,45891,8.4,243105,44.5,104787,19.2,50815,9.3,55394,10.1,30776,5.6,484877,88.8,86170,15.8
305,OH-7,OH,Ohio,7,557024,25543,4.6,40928,7.3,216413,38.9,118866,21.3,45198,8.1,70596,12.7,39480,7.1,490553,88.1,110076,19.8
306,OH-8,OH,Ohio,8,546406,11657,2.1,39929,7.3,194706,35.6,129108,23.6,46735,8.6,83985,15.4,40286,7.4,494820,90.6,124271,22.7
307,OH-9,OH,Ohio,9,545749,15058,2.8,48500,8.9,179845,33.0,139469,25.6,46334,8.5,76917,14.1,39626,7.3,482191,88.4,116543,21.4
308,OH-10,OH,Ohio,10,552514,9937,1.8,38545,7.0,153389,27.8,146059,26.4,49346,8.9,89308,16.2,65930,11.9,504032,91.2,155238,28.1
309,OH-11,OH,Ohio,11,524803,15282,2.9,54749,10.4,151651,28.9,124933,23.8,39417,7.5,82102,15.6,56669,10.8,454772,86.7,138771,26.4
310,OH-12,OH,Ohio,12,585940,9882,1.7,28982,4.9,161706,27.6,121457,20.7,39600,6.8,145735,24.9,78578,13.4,547076,93.4,224313,38.3
311,OH-13,OH,Ohio,13,559931,12042,2.2,42021,7.5,202284,36.1,143217,25.6,39416,7.0,78664,14.0,42287,7.6,505868,90.3,120951,21.6
312,OH-14,OH,Ohio,14,553668,16280,2.9,28544,5.2,163375,29.5,109869,19.8,43396,7.8,121554,22.0,70650,12.8,508844,91.9,192204,34.7
313,OH-15,OH,Ohio,15,586092,10635,1.8,40687,6.9,190377,32.5,126001,21.5,42927,7.3,110222,18.8,65243,11.1,534770,91.2,175465,29.9
314,OH-16,OH,Ohio,16,553316,10777,1.9,22848,4.1,164323,29.7,123950,22.4,48612,8.8,117209,21.2,65597,11.9,519691,93.9,182806,33.0
315,OK-1,OK,Oklahoma,1,565812,10635,1.9,40682,7.2,156559,27.7,147183,26.0,49828,8.8,110571,19.5,50354,8.9,514495,90.9,160925,28.4
316,OK-2,OK,Oklahoma,2,564213,19429,3.4,63222,11.2,218810,38.8,128176,22.7,44414,7.9,61249,10.9,28913,5.1,481562,85.4,90162,16.0
317,OK-3,OK,Oklahoma,3,571661,13873,2.4,47362,8.3,199176,34.8,150474,26.3,42061,7.4,83205,14.6,35510,6.2,510426,89.3,118715,20.8
318,OK-4,OK,Oklahoma,4,589702,13067,2.2,41027,7.0,190794,32.4,167764,28.4,43067,7.3,84048,14.3,49935,8.5,535608,90.8,133983,22.7
319,OK-5,OK,Oklahoma,5,561277,13775,2.5,44123,7.9,148804,26.5,145781,26.0,40854,7.3,107536,19.2,60404,10.8,503379,89.7,167940,29.9
320,OR-1,OR,Oregon,1,606198,9339,1.5,26679,4.4,128013,21.1,146233,24.1,53496,8.8,156276,25.8,86162,14.2,570180,94.1,242438,40.0
321,OR-2,OR,Oregon,2,619186,13268,2.1,47630,7.7,161388,26.1,179946,29.1,61291,9.9,99261,16.0,56402,9.1,558288,90.2,155663,25.1
322,OR-3,OR,Oregon,3,627716,12960,2.1,28825,4.6,121458,19.3,158417,25.2,52252,8.3,157586,25.1,96218,15.3,585931,93.3,253804,40.4
323,OR-4,OR,Oregon,4,638548,11701,1.8,45999,7.2,164956,25.8,201222,31.5,58029,9.1,100115,15.7,56526,8.9,580848,91.0,156641,24.5
324,OR-5,OR,Oregon,5,606523,10875,1.8,36398,6.0,152097,25.1,167719,27.7,56373,9.3,119939,19.8,63122,10.4,559250,92.2,183061,30.2
325,PA-1,PA,Pennsylvania,1,544860,8473,1.6,22937,4.2,156819,28.8,97767,17.9,42868,7.9,134297,24.6,81699,15.0,513450,94.2,215996,39.6
326,PA-2,PA,Pennsylvania,2,496510,26299,5.3,56776,11.4,198771,40.0,85428,17.2,29704,6.0,68370,13.8,31162,6.3,413435,83.3,99532,20.0
327,PA-3,PA,Pennsylvania,3,564612,11692,2.1,42143,7.5,157520,27.9,116200,20.6,27138,4.8,117374,20.8,92545,16.4,510777,90.5,209919,37.2
328,PA-4,PA,Pennsylvania,4,543723,8807,1.6,22739,4.2,142022,26.1,88390,16.3,39064,7.2,144278,26.5,98423,18.1,512177,94.2,242701,44.6
329,PA-5,PA,Pennsylvania,5,519983,10562,2.0,31422,6.0,160532,30.9,99737,19.2,37695,7.2,106551,20.5,73484,14.1,477999,91.9,180035,34.6
330,PA-6,PA,Pennsylvania,6,522912,12563,2.4,27757,5.3,130458,24.9,92678,17.7,35515,6.8,138750,26.5,85191,16.3,482592,92.3,223941,42.8
331,PA-7,PA,Pennsylvania,7,552078,15318,2.8,35659,6.5,189151,34.3,111581,20.2,48351,8.8,94809,17.2,57209,10.4,501101,90.8,152018,27.5
332,PA-8,PA,Pennsylvania,8,535133,11439,2.1,37736,7.1,200538,37.5,109953,20.5,48725,9.1,81079,15.2,45663,8.5,485958,90.8,126742,23.7
333,PA-9,PA,Pennsylvania,9,555775,16996,3.1,42409,7.6,240099,43.2,97346,17.5,47334,8.5,73298,13.2,38293,6.9,496370,89.3,111591,20.1
334,PA-10,PA,Pennsylvania,10,552761,15277,2.8,34073,6.2,189962,34.4,99038,17.9,48044,8.7,108486,19.6,57881,10.5,503411,91.1,166367,30.1
335,PA-11,PA,Pennsylvania,11,553568,35053,6.3,42629,7.7,202751,36.6,91320,16.5,41919,7.6,92575,16.7,47321,8.5,475886,86.0,139896,25.3
336,PA-12,PA,Pennsylvania,12,551022,15618,2.8,38952,7.1,234876,42.6,103919,18.9,46333,8.4,71193,12.9,40131,7.3,496452,90.1,111324,20.2
337,PA-13,PA,Pennsylvania,13,545111,13896,2.5,40577,7.4,241288,44.3,99961,18.3,48425,8.9,62268,11.4,38696,7.1,490638,90.0,100964,18.5
338,PA-14,PA,Pennsylvania,14,551164,8357,1.5,28415,5.2,219548,39.8,100379,18.2,53868,9.8,91121,16.5,49476,9.0,514392,93.3,140597,25.5
339,PA-15,PA,Pennsylvania,15,548615,13986,2.5,34673,6.3,246984,45.0,91462,16.7,51525,9.4,72269,13.2,37716,6.9,499956,91.1,109985,20.0
340,PA-16,PA,Pennsylvania,16,539710,12118,2.2,31769,5.9,211587,39.2,99574,18.4,51589,9.6,86897,16.1,46176,8.6,495823,91.9,133073,24.7
341,PA-17,PA,Pennsylvania,17,559285,5903,1.1,20706,3.7,159016,28.4,99939,17.9,56259,10.1,136767,24.5,80695,14.4,532676,95.2,217462,38.9
342,PA-18,PA,Pennsylvania,18,544390,6755,1.2,25046,4.6,156418,28.7,107772,19.8,51636,9.5,117979,21.7,78784,14.5,512589,94.2,196763,36.1
343,RI-1,RI,Rhode Island,1,395409,14274,3.6,29304,7.4,114324,28.9,82383,20.8,29031,7.3,75455,19.1,50638,12.8,351831,89.0,126093,31.9
344,RI-2,RI,Rhode Island,2,407668,10748,2.6,20558,5.0,118228,29.0,87561,21.5,37944,9.3,80864,19.8,51765,12.7,376362,92.3,132629,32.5
345,SC-1,SC,South Carolina,1,613912,8402,1.4,33694,5.5,147261,24.0,132570,21.6,56738,9.2,149559,24.4,85688,14.0,571816,93.1,235247,38.3
346,SC-2,SC,South Carolina,2,537342,12192,2.3,31646,5.9,155524,28.9,129295,24.1,48002,8.9,101285,18.8,59398,11.1,493504,91.8,160683,29.9
347,SC-3,SC,South Carolina,3,534772,23598,4.4,55661,10.4,167914,31.4,120514,22.5,55599,10.4,70623,13.2,40863,7.6,455513,85.2,111486,20.8
348,SC-4,SC,South Carolina,4,533533,14123,2.6,40243,7.5,144256,27.0,119282,22.4,51575,9.7,109232,20.5,54822,10.3,479167,89.8,164054,30.7
349,SC-5,SC,South Carolina,5,552247,16054,2.9,52868,9.6,175909,31.9,129527,23.5,54597,9.9,83245,15.1,40047,7.3,483325,87.5,123292,22.3
350,SC-6,SC,South Carolina,6,506843,15227,3.0,53208,10.5,175995,34.7,126565,25.0,45647,9.0,60929,12.0,29272,5.8,438408,86.5,90201,17.8
351,SC-7,SC,South Carolina,7,571428,18426,3.2,54134,9.5,200743,35.1,125367,21.9,58464,10.2,74215,13.0,40079,7.0,498868,87.3,114294,20.0
352,SD-At-large,SD,South Dakota,At-large,647089,14171,2.2,37075,5.7,198743,30.7,144419,22.3,76351,11.8,125006,19.3,51324,7.9,595843,92.1,176330,27.2
353,TN-1,TN,Tennessee,1,563918,25317,4.5,48099,8.5,212285,37.6,130545,23.1,39878,7.1,68396,12.1,39398,7.0,490502,87.0,107794,19.1
354,TN-2,TN,Tennessee,2,583056,17390,3.0,39983,6.9,170864,29.3,138825,23.8,50247,8.6,103401,17.7,62346,10.7,525683,90.2,165747,28.4
355,TN-3,TN,Tennessee,3,571456,20499,3.6,48723,8.5,182887,32.0,143515,25.1,48676,8.5,80485,14.1,46671,8.2,502234,87.9,127156,22.3
356,TN-4,TN,Tennessee,4,590540,21878,3.7,49220,8.3,207359,35.1,142942,24.2,47520,8.0,85399,14.5,36222,6.1,519442,88.0,121621,20.6
357,TN-5,TN,Tennessee,5,563797,13155,2.3,36975,6.6,136097,24.1,126184,22.4,35464,6.3,135779,24.1,80143,14.2,513667,91.1,215922,38.3
358,TN-6,TN,Tennessee,6,591603,26937,4.6,43027,7.3,219478,37.1,132632,22.4,40519,6.8,85377,14.4,43633,7.4,521639,88.2,129010,21.8
359,TN-7,TN,Tennessee,7,578288,17582,3.0,43859,7.6,180146,31.2,121862,21.1,45543,7.9,113096,19.6,56200,9.7,516847,89.4,169296,29.3
360,TN-8,TN,Tennessee,8,525277,18116,3.4,42833,8.2,169280,32.2,122651,23.3,36762,7.0,83897,16.0,51738,9.8,464328,88.4,135635,25.8
361,TN-9,TN,Tennessee,9,507231,14189,2.8,50233,9.9,166751,32.9,130021,25.6,29313,5.8,75706,14.9,41018,8.1,442809,87.3,116724,23.0
362,TX-1,TX,Texas,1,511974,18830,3.7,46087,9.0,156657,30.6,145772,28.5,43087,8.4,67560,13.2,33981,6.6,447057,87.3,101541,19.8
363,TX-2,TX,Texas,2,520180,11793,2.3,24897,4.8,110070,21.2,119188,22.9,39555,7.6,139402,26.8,75275,14.5,483490,92.9,214677,41.3
364,TX-3,TX,Texas,3,563318,8645,1.5,14975,2.7,94468,16.8,128087,22.7,40702,7.2,179942,31.9,96499,17.1,539698,95.8,276441,49.1
365,TX-4,TX,Texas,4,543354,12838,2.4,38195,7.0,185066,34.1,142801,26.3,44708,8.2,81208,14.9,38538,7.1,492321,90.6,119746,22.0
366,TX-5,TX,Texas,5,480610,16829,3.5,46937,9.8,155923,32.4,130104,27.1,31560,6.6,65144,13.6,34113,7.1,416844,86.7,99257,20.7
367,TX-6,TX,Texas,6,554709,13154,2.4,31777,5.7,147335,26.6,158199,28.5,48151,8.7,105062,18.9,51031,9.2,509778,91.9,156093,28.1
368,TX-7,TX,Texas,7,448262,10368,2.3,19913,4.4,66639,14.9,99713,22.2,30932,6.9,138442,30.9,82255,18.3,417981,93.2,220697,49.2
369,TX-8,TX,Texas,8,584039,17410,3.0,37689,6.5,155417,26.6,152589,26.1,44233,7.6,123230,21.1,53471,9.2,528940,90.6,176701,30.3
370,TX-9,TX,Texas,9,445634,25222,5.7,39474,8.9,128128,28.8,119357,26.8,28687,6.4,68378,15.3,36388,8.2,380938,85.5,104766,23.5
371,TX-10,TX,Texas,10,593629,16790,2.8,29862,5.0,127610,21.5,140595,23.7,40149,6.8,157916,26.6,80707,13.6,546977,92.1,238623,40.2
372,TX-11,TX,Texas,11,542570,24329,4.5,53711,9.9,166071,30.6,146282,27.0,40536,7.5,80036,14.8,31605,5.8,464530,85.6,111641,20.6
373,TX-12,TX,Texas,12,572411,15056,2.6,36154,6.3,163838,28.6,133565,23.3,47514,8.3,119430,20.9,56854,9.9,521201,91.1,176284,30.8
374,TX-13,TX,Texas,13,493390,19071,3.9,42072,8.5,159735,32.4,134726,27.3,38262,7.8,69190,14.0,30334,6.1,432247,87.6,99524,20.2
375,TX-14,TX,Texas,14,532153,16459,3.1,45405,8.5,155103,29.1,142733,26.8,46284,8.7,89302,16.8,36867,6.9,470289,88.4,126169,23.7
376,TX-15,TX,Texas,15,435170,32919,7.6,50370,11.6,121086,27.8,112675,25.9,26700,6.1,64097,14.7,27323,6.3,351881,80.9,91420,21.0
377,TX-16,TX,Texas,16,458940,32928,7.2,28235,6.2,109917,24.0,137063,29.9,39493,8.6,74350,16.2,36954,8.1,397777,86.7,111304,24.3
378,TX-17,TX,Texas,17,550601,12257,2.2,38144,6.9,142991,26.0,155411,28.2,46023,8.4,102303,18.6,53472,9.7,500200,90.8,155775,28.3
379,TX-18,TX,Texas,18,480387,25920,5.4,43522,9.1,141147,29.4,120080,25.0,29586,6.2,80038,16.7,40094,8.3,410945,85.5,120132,25.0
380,TX-19,TX,Texas,19,509891,23661,4.6,46951,9.2,157415,30.9,139405,27.3,33887,6.6,75497,14.8,33075,6.5,439279,86.2,108572,21.3
381,TX-20,TX,Texas,20,549483,27712,5.0,48629,8.8,157025,28.6,141805,25.8,47680,8.7,84894,15.4,41738,7.6,473142,86.1,126632,23.0
382,TX-21,TX,Texas,21,622228,10205,1.6,26047,4.2,121992,19.6,157308,25.3,39541,6.4,173724,27.9,93411,15.0,585976,94.2,267135,42.9
383,TX-22,TX,Texas,22,577164,15242,2.6,23700,4.1,115783,20.1,141733,24.6,42643,7.4,149108,25.8,88955,15.4,538222,93.3,238063,41.2
384,TX-23,TX,Texas,23,507547,38650,7.6,53003,10.4,152661,30.1,120113,23.7,36111,7.1,67459,13.3,39550,7.8,415894,81.9,107009,21.1
385,TX-24,TX,Texas,24,503766,8057,1.6,20675,4.1,90158,17.9,115974,23.0,41621,8.3,153596,30.5,73685,14.6,475034,94.3,227281,45.1
386,TX-25,TX,Texas,25,570238,15154,2.7,34531,6.1,140774,24.7,140900,24.7,34915,6.1,127533,22.4,76431,13.4,520553,91.3,203964,35.8
387,TX-26,TX,Texas,26,605249,9183,1.5,25823,4.3,114186,18.9,161362,26.7,42384,7.0,174182,28.8,78129,12.9,570243,94.2,252311,41.7
388,TX-27,TX,Texas,27,517267,25356,4.9,50656,9.8,168156,32.5,137109,26.5,40821,7.9,64258,12.4,30911,6.0,441255,85.3,95169,18.4
389,TX-28,TX,Texas,28,434305,35638,8.2,48991,11.3,126697,29.2,107954,24.9,35198,8.1,54857,12.6,24970,5.7,349676,80.5,79827,18.4
390,TX-29,TX,Texas,29,369239,40532,11.0,51191,13.9,121854,33.0,87121,23.6,23151,6.3,31767,8.6,13623,3.7,277516,75.2,45390,12.3
391,TX-30,TX,Texas,30,479082,24579,5.1,44705,9.3,149604,31.2,125965,26.3,29569,6.2,71420,14.9,33240,6.9,409798,85.5,104660,21.8
392,TX-31,TX,Texas,31,602236,11734,1.9,27478,4.6,146309,24.3,157690,26.2,58782,9.8,133819,22.2,66424,11.0,563024,93.5,200243,33.2
393,TX-32,TX,Texas,32,505867,13515,2.7,20925,4.1,93516,18.5,112584,22.3,32282,6.4,144523,28.6,88522,17.5,471427,93.2,233045,46.1
394,TX-33,TX,Texas,33,360226,31822,8.8,51271,14.2,129159,35.9,82816,23.0,19899,5.5,32501,9.0,12758,3.5,277133,76.9,45259,12.6
395,TX-34,TX,Texas,34,424863,37002,8.7,56102,13.2,138012,32.5,98966,23.3,30221,7.1,43871,10.3,20689,4.9,331759,78.1,64560,15.2
396,TX-35,TX,Texas,35,532967,25979,4.9,47413,8.9,176969,33.2,128943,24.2,37367,7.0,84615,15.9,31681,5.9,459575,86.2,116296,21.8
397,TX-36,TX,Texas,36,519385,20352,3.9,53698,10.3,178104,34.3,135197,26.0,40886,7.9,62026,11.9,29122,5.6,445335,85.7,91148,17.5
398,UT-1,UT,Utah,1,521517,6163,1.2,31278,6.0,136499,26.2,149871,28.7,50547,9.7,102135,19.6,45024,8.6,484076,92.8,147159,28.2
399,UT-2,UT,Utah,2,529608,8771,1.7,31073,5.9,132552,25.0,140241,26.5,54991,10.4,103535,19.5,58445,11.0,489764,92.5,161980,30.6
400,UT-3,UT,Utah,3,517848,4598,0.9,20274,3.9,95880,18.5,159756,30.8,53701,10.4,120570,23.3,63069,12.2,492976,95.2,183639,35.5
401,UT-4,UT,Utah,4,518368,8612,1.7,29913,5.8,130940,25.3,139902,27.0,55582,10.7,106008,20.5,47411,9.1,479843,92.6,153419,29.6
402,VT-At-large,VT,Vermont,At-large,500274,8442,1.7,24270,4.9,148257,29.6,103584,20.7,39333,7.9,109047,21.8,67341,13.5,467562,93.5,176388,35.3
403,VA-1,VA,Virginia,1,590281,14383,2.4,30751,5.2,162409,27.5,129072,21.9,45670,7.7,129361,21.9,78635,13.3,545147,92.4,207996,35.2
404,VA-2,VA,Virginia,2,559397,7604,1.4,27051,4.8,133312,23.8,155611,27.8,51050,9.1,113919,20.4,70850,12.7,524742,93.8,184769,33.0
405,VA-3,VA,Virginia,3,559137,11991,2.1,39245,7.0,160058,28.6,157950,28.2,51175,9.2,87587,15.7,51131,9.1,507901,90.8,138718,24.8
406,VA-4,VA,Virginia,4,579606,16972,2.9,48195,8.3,166977,28.8,141145,24.4,44399,7.7,102397,17.7,59521,10.3,514439,88.8,161918,27.9
407,VA-5,VA,Virginia,5,578531,19782,3.4,49096,8.5,181013,31.3,130059,22.5,42943,7.4,93319,16.1,62319,10.8,509653,88.1,155638,26.9
408,VA-6,VA,Virginia,6,582756,16493,2.8,44649,7.7,198634,34.1,129331,22.2,45022,7.7,95417,16.4,53210,9.1,521614,89.5,148627,25.5
409,VA-7,VA,Virginia,7,588061,15614,2.7,35687,6.1,155344,26.4,121679,20.7,40984,7.0,138251,23.5,80502,13.7,536760,91.3,218753,37.2
410,VA-8,VA,Virginia,8,533417,11602,2.2,14064,2.6,64619,12.1,68068,12.8,29638,5.6,172796,32.4,172630,32.4,507751,95.2,345426,64.8
411,VA-9,VA,Virginia,9,567315,30760,5.4,53639,9.5,185195,32.6,137538,24.2,52281,9.2,64088,11.3,43814,7.7,482916,85.1,107902,19.0
412,VA-10,VA,Virginia,10,565197,8115,1.4,22691,4.0,95847,17.0,95638,16.9,35190,6.2,171923,30.4,135793,24.0,534391,94.5,307716,54.4
413,VA-11,VA,Virginia,11,509988,10259,2.0,21190,4.2,70213,13.8,93911,18.4,33734,6.6,153067,30.0,127614,25.0,478539,93.8,280681,55.0
414,WA-1,WA,Washington,1,519555,8117,1.6,21272,4.1,111183,21.4,128958,24.8,52577,10.1,132406,25.5,65042,12.5,490166,94.3,197448,38.0
415,WA-2,WA,Washington,2,558321,10157,1.8,28630,5.1,134157,24.0,153650,27.5,62004,11.1,110587,19.8,59136,10.6,519534,93.1,169723,30.4
416,WA-3,WA,Washington,3,544994,7448,1.4,31736,5.8,150910,27.7,151676,27.8,65612,12.0,90822,16.7,46790,8.6,505810,92.8,137612,25.3
417,WA-4,WA,Washington,4,443137,21318,4.8,40190,9.1,127794,28.8,114101,25.7,41301,9.3,62503,14.1,35930,8.1,381629,86.1,98433,22.2
418,WA-5,WA,Washington,5,551532,7590,1.4,30545,5.5,133086,24.1,160402,29.1,70858,12.8,96781,17.5,52270,9.5,513397,93.1,149051,27.0
419,WA-6,WA,Washington,6,570991,8491,1.5,31190,5.5,139666,24.5,156052,27.3,65801,11.5,104288,18.3,65503,11.5,531310,93.1,169791,29.7
420,WA-7,WA,Washington,7,600321,7538,1.3,14079,2.3,65331,10.9,115927,19.3,43354,7.2,218975,36.5,135117,22.5,578704,96.4,354092,59.0
421,WA-8,WA,Washington,8,522952,7891,1.5,25808,4.9,131034,25.1,128630,24.6,54068,10.3,114799,22.0,60722,11.6,489253,93.6,175521,33.6
422,WA-9,WA,Washington,9,499184,13959,2.8,23194,4.6,104160,20.9,110487,22.1,44581,8.9,131984,26.4,70819,14.2,462031,92.6,202803,40.6
423,WA-10,WA,Washington,10,544552,8073,1.5,30935,5.7,147847,27.2,144136,26.5,58128,10.7,101863,18.7,53570,9.8,505544,92.8,155433,28.5
424,WV-1,WV,West Virginia,1,486327,10920,2.2,34959,7.2,192057,39.5,104127,21.4,35146,7.2,66447,13.7,42671,8.8,440448,90.6,109118,22.4
425,WV-2,WV,West Virginia,2,487208,18069,3.7,42310,8.7,191095,39.2,100460,20.6,36034,7.4,63357,13.0,35883,7.4,426829,87.6,99240,20.4
426,WV-3,WV,West Virginia,3,457623,22335,4.9,47870,10.5,184220,40.3,97108,21.2,30933,6.8,45863,10.0,29294,6.4,387418,84.7,75157,16.4
427,WI-1,WI,Wisconsin,1,539789,9791,1.8,29884,5.5,168799,31.3,129989,24.1,53501,9.9,100122,18.5,47703,8.8,500114,92.6,147825,27.4
428,WI-2,WI,Wisconsin,2,577976,7952,1.4,25388,4.4,135229,23.4,131829,22.8,56604,9.8,140560,24.3,80414,13.9,544636,94.2,220974,38.2
429,WI-3,WI,Wisconsin,3,566700,13703,2.4,26906,4.7,183262,32.3,145575,25.7,67520,11.9,88990,15.7,40744,7.2,526091,92.8,129734,22.9
430,WI-4,WI,Wisconsin,4,493143,14040,2.8,43574,8.8,146683,29.7,120520,24.4,35705,7.2,82535,16.7,50086,10.2,435529,88.3,132621,26.9
431,WI-5,WI,Wisconsin,5,558805,6497,1.2,21693,3.9,152528,27.3,121611,21.8,54786,9.8,135880,24.3,65810,11.8,530615,95.0,201690,36.1
432,WI-6,WI,Wisconsin,6,556485,10713,1.9,31526,5.7,189317,34.0,131008,23.5,61275,11.0,91514,16.4,41132,7.4,514246,92.4,132646,23.8
433,WI-7,WI,Wisconsin,7,552651,13395,2.4,32755,5.9,192544,34.8,121212,21.9,69293,12.5,84204,15.2,39248,7.1,506501,91.6,123452,22.3
434,WI-8,WI,Wisconsin,8,556205,9904,1.8,27884,5.0,194402,35.0,118939,21.4,64895,11.7,98775,17.8,41406,7.4,518417,93.2,140181,25.2
435,WY-At-large,WY,Wyoming,At-large,433644,6797,1.6,25914,6.0,128479,29.6,120333,27.7,46062,10.6,67939,15.7,38120,8.8,400933,92.5,106059,24.5
