,District,State abbreviation,State name,Congressional district,Citizen voting-age population Estimate,18-29 Age Estimate,18-29 Age Percent of total,30-44 Age Estimate,30-44 Age Percent of total,45-64 Age Estimate,45-64 Age Percent of total,65+ Age Estimate,65+ Age Percent of total
0,AL-1,AL,Alabama,1,544464,104060,19.1,125900,23.1,188031,34.5,126473,23.2
1,AL-2,AL,Alabama,2,516295,109222,21.2,118999,23.0,173351,33.6,114723,22.2
2,AL-3,AL,Alabama,3,543854,121328,22.3,121212,22.3,182379,33.5,118935,21.9
3,AL-4,AL,Alabama,4,515701,95990,18.6,114921,22.3,177247,34.4,127543,24.7
4,AL-5,AL,Alabama,5,551968,109986,19.9,129788,23.5,193348,35.0,118846,21.5
5,AL-6,AL,Alabama,6,535753,101646,19.0,133635,24.9,182710,34.1,117762,22.0
6,AL-7,AL,Alabama,7,504177,126572,25.1,114337,22.7,162887,32.3,100381,19.9
7,AK-At-large,AK,Alaska,At-large,532244,127476,24.0,144647,27.2,174789,32.8,85332,16.0
8,AZ-1,AZ,Arizona,1,568661,124100,21.8,129362,22.7,169734,29.8,145465,25.6
9,AZ-2,AZ,Arizona,2,550044,116061,21.1,114471,20.8,166939,30.4,152573,27.7
10,AZ-3,AZ,Arizona,3,500787,146929,29.3,122468,24.5,143475,28.6,87915,17.6
11,AZ-4,AZ,Arizona,4,633528,95038,15.0,118494,18.7,201308,31.8,218688,34.5
12,AZ-5,AZ,Arizona,5,587681,106103,18.1,155762,26.5,190794,32.5,135022,23.0
13,AZ-6,AZ,Arizona,6,577899,104945,18.2,124931,21.6,202991,35.1,145032,25.1
14,AZ-7,AZ,Arizona,7,454957,153294,33.7,120219,26.4,127158,27.9,54286,11.9
15,AZ-8,AZ,Arizona,8,599423,100261,16.7,131595,22.0,189019,31.5,178548,29.8
16,AZ-9,AZ,Arizona,9,562791,160510,28.5,141929,25.2,170213,30.2,90139,16.0
17,AR-1,AR,Arkansas,1,548710,106231,19.4,128779,23.5,183306,33.4,130394,23.8
18,AR-2,AR,Arkansas,2,570220,123752,21.7,138990,24.4,186961,32.8,120517,21.1
19,AR-3,AR,Arkansas,3,573113,134210,23.4,143907,25.1,179259,31.3,115737,20.2
20,AR-4,AR,Arkansas,4,532069,105713,19.9,110275,20.7,179824,33.8,136257,25.6
21,CA-1,CA,California,1,553702,112448,20.3,109556,19.8,177833,32.1,153865,27.8
22,CA-2,CA,California,2,534951,86946,16.3,110075,20.6,187221,35.0,150709,28.2
23,CA-3,CA,California,3,504299,128483,25.5,117545,23.3,158659,31.5,99612,19.8
24,CA-4,CA,California,4,573118,91864,16.0,121814,21.3,203386,35.5,156054,27.2
25,CA-5,CA,California,5,508369,96576,19.0,116637,22.9,172776,34.0,122380,24.1
26,CA-6,CA,California,6,506434,124359,24.6,140392,27.7,152039,30.0,89644,17.7
27,CA-7,CA,California,7,537436,102634,19.1,131950,24.6,186789,34.8,116063,21.6
28,CA-8,CA,California,8,477512,109039,22.8,117970,24.7,157700,33.0,92803,19.4
29,CA-9,CA,California,9,482967,109840,22.7,115502,23.9,162695,33.7,94930,19.7
30,CA-10,CA,California,10,493409,120037,24.3,126032,25.5,155323,31.5,92017,18.6
31,CA-11,CA,California,11,508963,94457,18.6,118438,23.3,178718,35.1,117350,23.1
32,CA-12,CA,California,12,571300,115725,20.3,185209,32.4,161917,28.3,108449,19.0
33,CA-13,CA,California,13,536892,124347,23.2,153682,28.6,158802,29.6,100061,18.6
34,CA-14,CA,California,14,511049,98885,19.3,125040,24.5,171998,33.7,115126,22.5
35,CA-15,CA,California,15,503361,92013,18.3,134040,26.6,179479,35.7,97829,19.4
36,CA-16,CA,California,16,423147,127642,30.2,108432,25.6,117889,27.9,69184,16.3
37,CA-17,CA,California,17,438374,86540,19.7,103893,23.7,162474,37.1,85467,19.5
38,CA-18,CA,California,18,491580,84672,17.2,111547,22.7,186221,37.9,109140,22.2
39,CA-19,CA,California,19,482363,110244,22.9,120200,24.9,159427,33.1,92492,19.2
40,CA-20,CA,California,20,434889,113595,26.1,100241,23.0,129619,29.8,91434,21.0
41,CA-21,CA,California,21,354669,112192,31.6,95934,27.0,94483,26.6,52060,14.7
42,CA-22,CA,California,22,483064,121739,25.2,123766,25.6,144754,30.0,92805,19.2
43,CA-23,CA,California,23,490446,114763,23.4,124203,25.3,159160,32.5,92320,18.8
44,CA-24,CA,California,24,508333,143040,28.1,96005,18.9,147344,29.0,121944,24.0
45,CA-25,CA,California,25,482964,103999,21.5,115475,23.9,175776,36.4,87714,18.2
46,CA-26,CA,California,26,480928,107880,22.4,105706,22.0,162047,33.7,105295,21.9
47,CA-27,CA,California,27,471963,86706,18.4,108732,23.0,159649,33.8,116876,24.8
48,CA-28,CA,California,28,502971,99507,19.8,139517,27.7,166073,33.0,97874,19.5
49,CA-29,CA,California,29,402898,111823,27.8,101568,25.2,119181,29.6,70326,17.5
50,CA-30,CA,California,30,529846,113793,21.5,130676,24.7,174660,33.0,110717,20.9
51,CA-31,CA,California,31,482081,128989,26.8,127282,26.4,146719,30.4,79091,16.4
52,CA-32,CA,California,32,449452,116658,26.0,107883,24.0,139777,31.1,85134,18.9
53,CA-33,CA,California,33,517251,99299,19.2,122449,23.7,167981,32.5,127522,24.7
54,CA-34,CA,California,34,425520,117797,27.7,122307,28.7,109068,25.6,76348,17.9
55,CA-35,CA,California,35,450565,146833,32.6,115997,25.7,125573,27.9,62162,13.8
56,CA-36,CA,California,36,536333,95867,17.9,111759,20.8,170439,31.8,158268,29.5
57,CA-37,CA,California,37,468463,129241,27.6,118145,25.2,136694,29.2,84383,18.0
58,CA-38,CA,California,38,481296,116734,24.3,115644,24.0,152188,31.6,96730,20.1
59,CA-39,CA,California,39,486713,112813,23.2,110244,22.7,161474,33.2,102182,21.0
60,CA-40,CA,California,40,340435,117561,34.5,88081,25.9,86405,25.4,48388,14.2
61,CA-41,CA,California,41,478613,154274,32.2,126217,26.4,132970,27.8,65152,13.6
62,CA-42,CA,California,42,538265,122803,22.8,145881,27.1,177568,33.0,92013,17.1
63,CA-43,CA,California,43,454185,114853,25.3,115255,25.4,142409,31.4,81668,18.0
64,CA-44,CA,California,44,395819,115574,29.2,110263,27.9,108537,27.4,61445,15.5
65,CA-45,CA,California,45,532802,110235,20.7,119202,22.4,187676,35.2,115689,21.7
66,CA-46,CA,California,46,408633,130145,31.8,103298,25.3,111682,27.3,63508,15.5
67,CA-47,CA,California,47,491712,114807,23.3,124261,25.3,166891,33.9,85753,17.4
68,CA-48,CA,California,48,529832,103313,19.5,113213,21.4,190245,35.9,123061,23.2
69,CA-49,CA,California,49,519302,111660,21.5,112832,21.7,178059,34.3,116751,22.5
70,CA-50,CA,California,50,513522,113483,22.1,123333,24.0,169884,33.1,106822,20.8
71,CA-51,CA,California,51,445034,133614,30.0,114319,25.7,124841,28.1,72260,16.2
72,CA-52,CA,California,52,546843,125910,23.0,142801,26.1,170845,31.2,107287,19.6
73,CA-53,CA,California,53,563962,150613,26.7,157739,28.0,162309,28.8,93301,16.5
74,CO-1,CO,Colorado,1,619349,152364,24.6,196712,31.8,172432,27.8,97841,15.8
75,CO-2,CO,Colorado,2,619285,152308,24.6,147134,23.8,199517,32.2,120326,19.4
76,CO-3,CO,Colorado,3,565901,109523,19.4,129319,22.9,189023,33.4,138036,24.4
77,CO-4,CO,Colorado,4,598599,117673,19.7,156792,26.2,208777,34.9,115357,19.3
78,CO-5,CO,Colorado,5,603967,145787,24.1,153131,25.4,192123,31.8,112926,18.7
79,CO-6,CO,Colorado,6,567801,113465,20.0,156336,27.5,200412,35.3,97588,17.2
80,CO-7,CO,Colorado,7,576138,124489,21.6,162759,28.3,180307,31.3,108583,18.8
81,CT-1,CT,Connecticut,1,523004,99742,19.1,117559,22.5,184595,35.3,121108,23.2
82,CT-2,CT,Connecticut,2,548572,113923,20.8,111653,20.4,198909,36.3,124087,22.6
83,CT-3,CT,Connecticut,3,535024,117352,21.9,114121,21.3,182421,34.1,121130,22.6
84,CT-4,CT,Connecticut,4,496370,91904,18.5,103645,20.9,191712,38.6,109109,22.0
85,CT-5,CT,Connecticut,5,511395,97510,19.1,105985,20.7,189558,37.1,118342,23.1
86,DE-At-large,DE,Delaware,At-large,720867,140123,19.4,153037,21.2,249503,34.6,178204,24.7
87,DC-At-large,DC,District of Columbia,At-large,526393,145434,27.6,165893,31.5,131762,25.0,83304,15.8
88,FL-1,FL,Florida,1,601423,129762,21.6,142425,23.7,198441,33.0,130795,21.7
89,FL-2,FL,Florida,2,573718,112942,19.7,125347,21.8,188569,32.9,146860,25.6
90,FL-3,FL,Florida,3,579993,143031,24.7,129575,22.3,180729,31.2,126658,21.8
91,FL-4,FL,Florida,4,614794,118537,19.3,151537,24.6,210228,34.2,134492,21.9
92,FL-5,FL,Florida,5,541992,141638,26.1,133383,24.6,171317,31.6,95654,17.6
93,FL-6,FL,Florida,6,621566,98635,15.9,119235,19.2,207124,33.3,196572,31.6
94,FL-7,FL,Florida,7,581583,148112,25.5,143853,24.7,179955,30.9,109663,18.9
95,FL-8,FL,Florida,8,610604,92846,15.2,111790,18.3,214531,35.1,191437,31.4
96,FL-9,FL,Florida,9,644898,137347,21.3,166586,25.8,202251,31.4,138714,21.5
97,FL-10,FL,Florida,10,546157,121477,22.2,151934,27.8,183021,33.5,89725,16.4
98,FL-11,FL,Florida,11,652135,82551,12.7,96277,14.8,196690,30.2,276617,42.4
99,FL-12,FL,Florida,12,605983,83666,13.8,126316,20.8,210053,34.7,185948,30.7
100,FL-13,FL,Florida,13,584889,100325,17.2,116090,19.8,205103,35.1,163371,27.9
101,FL-14,FL,Florida,14,534225,122106,22.9,143475,26.9,169888,31.8,98756,18.5
102,FL-15,FL,Florida,15,578715,126879,21.9,132369,22.9,192852,33.3,126615,21.9
103,FL-16,FL,Florida,16,638769,91026,14.3,118164,18.5,211715,33.1,217864,34.1
104,FL-17,FL,Florida,17,615104,81894,13.3,101025,16.4,183910,29.9,248275,40.4
105,FL-18,FL,Florida,18,599873,89563,14.9,111342,18.6,204824,34.1,194144,32.4
106,FL-19,FL,Florida,19,631233,84363,13.4,98336,15.6,192617,30.5,255917,40.5
107,FL-20,FL,Florida,20,507613,115723,22.8,128477,25.3,165897,32.7,97516,19.2
108,FL-21,FL,Florida,21,546101,86152,15.8,99308,18.2,171770,31.5,188871,34.6
109,FL-22,FL,Florida,22,534846,78782,14.7,113545,21.2,190781,35.7,151738,28.4
110,FL-23,FL,Florida,23,510212,92504,18.1,117316,23.0,176163,34.5,124229,24.3
111,FL-24,FL,Florida,24,477697,110275,23.1,123658,25.9,149155,31.2,94609,19.8
112,FL-25,FL,Florida,25,453055,89229,19.7,86737,19.1,148024,32.7,129065,28.5
113,FL-26,FL,Florida,26,476033,104526,22.0,107894,22.7,162965,34.2,100648,21.1
114,FL-27,FL,Florida,27,464604,84074,18.1,110349,23.8,152249,32.8,117932,25.4
115,GA-1,GA,Georgia,1,550713,124272,22.6,144285,26.2,173960,31.6,108196,19.6
116,GA-2,GA,Georgia,2,498322,116812,23.4,118050,23.7,158501,31.8,104959,21.1
117,GA-3,GA,Georgia,3,548941,116928,21.3,126353,23.0,192813,35.1,112847,20.6
118,GA-4,GA,Georgia,4,527938,116027,22.0,131388,24.9,188968,35.8,91555,17.3
119,GA-5,GA,Georgia,5,587385,173012,29.5,167225,28.5,162199,27.6,84949,14.5
120,GA-6,GA,Georgia,6,496468,80827,16.3,129906,26.2,192548,38.8,93187,18.8
121,GA-7,GA,Georgia,7,486845,101857,20.9,126492,26.0,180871,37.2,77625,15.9
122,GA-8,GA,Georgia,8,527338,117467,22.3,129584,24.6,171971,32.6,108316,20.5
123,GA-9,GA,Georgia,9,556967,110102,19.8,119775,21.5,185692,33.3,141398,25.4
124,GA-10,GA,Georgia,10,565803,135915,24.0,130573,23.1,189498,33.5,109817,19.4
125,GA-11,GA,Georgia,11,559687,122052,21.8,143609,25.7,193753,34.6,100273,17.9
126,GA-12,GA,Georgia,12,540482,132914,24.6,132283,24.5,172888,32.0,102397,18.9
127,GA-13,GA,Georgia,13,523476,114667,21.9,141009,26.9,185343,35.4,82457,15.8
128,GA-14,GA,Georgia,14,516434,107349,20.8,122568,23.7,180827,35.0,105690,20.5
129,HI-1,HI,Hawaii,1,509992,101825,20.0,127924,25.1,156279,30.6,123964,24.3
130,HI-2,HI,Hawaii,2,506514,104080,20.5,120799,23.8,160905,31.8,120730,23.8
131,ID-1,ID,Idaho,1,661724,133621,20.2,156558,23.7,218173,33.0,153372,23.2
132,ID-2,ID,Idaho,2,590690,138735,23.5,152336,25.8,177354,30.0,122265,20.7
133,IL-1,IL,Illinois,1,524114,110093,21.0,119884,22.9,183041,34.9,111096,21.2
134,IL-2,IL,Illinois,2,497132,105903,21.3,115395,23.2,166767,33.5,109067,21.9
135,IL-3,IL,Illinois,3,479004,96642,20.2,116060,24.2,166940,34.9,99362,20.7
136,IL-4,IL,Illinois,4,410804,114380,27.8,124459,30.3,112782,27.5,59183,14.4
137,IL-5,IL,Illinois,5,545831,138945,25.5,163400,29.9,153707,28.2,89779,16.4
138,IL-6,IL,Illinois,6,523796,89576,17.1,115611,22.1,203470,38.8,115139,22.0
139,IL-7,IL,Illinois,7,522767,133525,25.5,142887,27.3,152762,29.2,93593,17.9
140,IL-8,IL,Illinois,8,442009,97404,22.0,105383,23.8,149266,33.8,89956,20.4
141,IL-9,IL,Illinois,9,498242,91913,18.4,116876,23.5,169788,34.1,119665,24.0
142,IL-10,IL,Illinois,10,468255,99179,21.2,100085,21.4,164232,35.1,104759,22.4
143,IL-11,IL,Illinois,11,472244,104470,22.1,115271,24.4,167620,35.5,84883,18.0
144,IL-12,IL,Illinois,12,528398,105402,19.9,123904,23.4,181641,34.4,117451,22.2
145,IL-13,IL,Illinois,13,539012,143933,26.7,119427,22.2,165322,30.7,110330,20.5
146,IL-14,IL,Illinois,14,525729,91105,17.3,132209,25.1,201495,38.3,100920,19.2
147,IL-15,IL,Illinois,15,532371,95218,17.9,121442,22.8,182004,34.2,133707,25.1
148,IL-16,IL,Illinois,16,520730,103375,19.9,109416,21.0,184379,35.4,123560,23.7
149,IL-17,IL,Illinois,17,512994,101060,19.7,111726,21.8,174240,34.0,125968,24.6
150,IL-18,IL,Illinois,18,531334,95626,18.0,121408,22.8,181679,34.2,132621,25.0
151,IN-1,IN,Indiana,1,537218,106269,19.8,125653,23.4,188611,35.1,116685,21.7
152,IN-2,IN,Indiana,2,522778,110898,21.2,118188,22.6,175795,33.6,117897,22.6
153,IN-3,IN,Indiana,3,540022,111370,20.6,129229,23.9,184607,34.2,114816,21.3
154,IN-4,IN,Indiana,4,567094,133208,23.5,127470,22.5,189264,33.4,117152,20.7
155,IN-5,IN,Indiana,5,573500,111187,19.4,147605,25.7,199662,34.8,115046,20.1
156,IN-6,IN,Indiana,6,549035,115411,21.0,116898,21.3,189917,34.6,126809,23.1
157,IN-7,IN,Indiana,7,521076,128612,24.7,133507,25.6,167449,32.1,91508,17.6
158,IN-8,IN,Indiana,8,549149,110466,20.1,125872,22.9,188624,34.3,124187,22.6
159,IN-9,IN,Indiana,9,575308,132059,23.0,135378,23.5,189052,32.9,118819,20.7
160,IA-1,IA,Iowa,1,580187,120677,20.8,129269,22.3,191851,33.1,138390,23.9
161,IA-2,IA,Iowa,2,581525,126756,21.8,130205,22.4,191051,32.9,133513,23.0
162,IA-3,IA,Iowa,3,601044,121087,20.1,155881,25.9,201136,33.5,122940,20.5
163,IA-4,IA,Iowa,4,564463,122947,21.8,118353,21.0,182759,32.4,140404,24.9
164,KS-1,KS,Kansas,1,502712,127140,25.3,106367,21.2,154679,30.8,114526,22.8
165,KS-2,KS,Kansas,2,538594,119299,22.2,123546,22.9,172970,32.1,122779,22.8
166,KS-3,KS,Kansas,3,534532,103498,19.4,139817,26.2,184931,34.6,106286,19.9
167,KS-4,KS,Kansas,4,515676,107482,20.8,122563,23.8,172400,33.4,113231,22.0
168,KY-1,KY,Kentucky,1,552530,112558,20.4,119362,21.6,187927,34.0,132683,24.0
169,KY-2,KY,Kentucky,2,577362,121167,21.0,134374,23.3,198804,34.4,123017,21.3
170,KY-3,KY,Kentucky,3,553926,117509,21.2,132285,23.9,185157,33.4,118975,21.5
171,KY-4,KY,Kentucky,4,565232,109560,19.4,137967,24.4,201182,35.6,116523,20.6
172,KY-5,KY,Kentucky,5,537877,102630,19.1,123765,23.0,189523,35.2,121959,22.7
173,KY-6,KY,Kentucky,6,581992,139582,24.0,135939,23.4,192089,33.0,114382,19.7
174,LA-1,LA,Louisiana,1,594231,118153,19.9,143712,24.2,203742,34.3,128624,21.6
175,LA-2,LA,Louisiana,2,587115,124974,21.3,151730,25.8,196900,33.5,113511,19.3
176,LA-3,LA,Louisiana,3,577604,122302,21.2,146926,25.4,193990,33.6,114386,19.8
177,LA-4,LA,Louisiana,4,559310,119926,21.4,138312,24.7,178958,32.0,122114,21.8
178,LA-5,LA,Louisiana,5,555804,113240,20.4,138593,24.9,182823,32.9,121148,21.8
179,LA-6,LA,Louisiana,6,585015,138843,23.7,145438,24.9,186354,31.9,114380,19.6
180,ME-1,ME,Maine,1,546625,91423,16.7,120900,22.1,196768,36.0,137534,25.2
181,ME-2,ME,Maine,2,524036,90205,17.2,106404,20.3,191578,36.6,135849,25.9
182,MD-1,MD,Maryland,1,567926,102678,18.1,117878,20.8,209151,36.8,138219,24.3
183,MD-2,MD,Maryland,2,560167,120269,21.5,143100,25.5,189658,33.9,107140,19.1
184,MD-3,MD,Maryland,3,545892,118771,21.8,138350,25.3,177240,32.5,111531,20.4
185,MD-4,MD,Maryland,4,503398,93014,18.5,125012,24.8,185566,36.9,99806,19.8
186,MD-5,MD,Maryland,5,556897,121543,21.8,123848,22.2,208003,37.4,103503,18.6
187,MD-6,MD,Maryland,6,523698,100520,19.2,123665,23.6,186857,35.7,112656,21.5
188,MD-7,MD,Maryland,7,528398,115519,21.9,121941,23.1,180162,34.1,110776,21.0
189,MD-8,MD,Maryland,8,533774,95529,17.9,126983,23.8,190413,35.7,120849,22.6
190,MA-1,MA,Massachusetts,1,568024,119473,21.0,119459,21.0,198117,34.9,130975,23.1
191,MA-2,MA,Massachusetts,2,558962,127590,22.8,117040,20.9,196871,35.2,117461,21.0
192,MA-3,MA,Massachusetts,3,543580,113187,20.8,124132,22.8,204678,37.7,101583,18.7
193,MA-4,MA,Massachusetts,4,559943,103075,18.4,119792,21.4,212866,38.0,124210,22.2
194,MA-5,MA,Massachusetts,5,535109,107925,20.2,129135,24.1,180011,33.6,118038,22.1
195,MA-6,MA,Massachusetts,6,577241,101032,17.5,119170,20.6,215167,37.3,141872,24.6
196,MA-7,MA,Massachusetts,7,558430,197433,35.4,143411,25.7,135309,24.2,82277,14.7
197,MA-8,MA,Massachusetts,8,561241,113602,20.2,138733,24.7,189771,33.8,119135,21.2
198,MA-9,MA,Massachusetts,9,573274,97060,16.9,109998,19.2,204076,35.6,162140,28.3
199,MI-1,MI,Michigan,1,564858,97821,17.3,106924,18.9,197514,35.0,162599,28.8
200,MI-2,MI,Michigan,2,551323,123650,22.4,126229,22.9,183561,33.3,117883,21.4
201,MI-3,MI,Michigan,3,551028,118568,21.5,135861,24.7,184569,33.5,112030,20.3
202,MI-4,MI,Michigan,4,554938,115498,20.8,114323,20.6,188632,34.0,136485,24.6
203,MI-5,MI,Michigan,5,520558,101137,19.4,110301,21.2,185117,35.6,124003,23.8
204,MI-6,MI,Michigan,6,541981,117971,21.8,117761,21.7,182640,33.7,123609,22.8
205,MI-7,MI,Michigan,7,548462,99343,18.1,121286,22.1,197979,36.1,129854,23.7
206,MI-8,MI,Michigan,8,554462,128782,23.2,119354,21.5,195443,35.2,110883,20.0
207,MI-9,MI,Michigan,9,552114,117050,21.2,129459,23.4,190454,34.5,115151,20.9
208,MI-10,MI,Michigan,10,553804,91918,16.6,118907,21.5,212452,38.4,130527,23.6
209,MI-11,MI,Michigan,11,534817,96984,18.1,114133,21.3,203487,38.0,120213,22.5
210,MI-12,MI,Michigan,12,526943,144577,27.4,114484,21.7,166439,31.6,101443,19.3
211,MI-13,MI,Michigan,13,474739,110377,23.3,107407,22.6,161381,34.0,95574,20.1
212,MI-14,MI,Michigan,14,512851,109658,21.4,117113,22.8,171524,33.4,114556,22.3
213,MN-1,MN,Minnesota,1,500330,103708,20.7,114362,22.9,165683,33.1,116577,23.3
214,MN-2,MN,Minnesota,2,511914,96331,18.8,131892,25.8,185390,36.2,98301,19.2
215,MN-3,MN,Minnesota,3,517834,80909,15.6,124874,24.1,199945,38.6,112106,21.6
216,MN-4,MN,Minnesota,4,510862,109706,21.5,130270,25.5,167528,32.8,103358,20.2
217,MN-5,MN,Minnesota,5,517155,137964,26.7,150173,29.0,141709,27.4,87309,16.9
218,MN-6,MN,Minnesota,6,525551,104564,19.9,137834,26.2,190089,36.2,93064,17.7
219,MN-7,MN,Minnesota,7,495727,91877,18.5,106463,21.5,167305,33.7,130082,26.2
220,MN-8,MN,Minnesota,8,527541,92761,17.6,112017,21.2,185789,35.2,136974,26.0
221,MS-1,MS,Mississippi,1,577880,126850,22.0,136703,23.7,193135,33.4,121192,21.0
222,MS-2,MS,Mississippi,2,523479,117121,22.4,123974,23.7,175829,33.6,106555,20.4
223,MS-3,MS,Mississippi,3,559913,120854,21.6,140729,25.1,175562,31.4,122768,21.9
224,MS-4,MS,Mississippi,4,579386,125374,21.6,142348,24.6,189661,32.7,122003,21.1
225,MO-1,MO,Missouri,1,549361,130558,23.8,139392,25.4,173891,31.7,105520,19.2
226,MO-2,MO,Missouri,2,575828,93035,16.2,129833,22.5,210481,36.6,142479,24.7
227,MO-3,MO,Missouri,3,602748,113183,18.8,148292,24.6,213686,35.5,127587,21.2
228,MO-4,MO,Missouri,4,584925,140461,24.0,129155,22.1,185648,31.7,129661,22.2
229,MO-5,MO,Missouri,5,573775,127201,22.2,142534,24.8,185355,32.3,118685,20.7
230,MO-6,MO,Missouri,6,583457,112443,19.3,141987,24.3,201080,34.5,127947,21.9
231,MO-7,MO,Missouri,7,595559,128623,21.6,136612,22.9,192439,32.3,137885,23.2
232,MO-8,MO,Missouri,8,567717,105465,18.6,124173,21.9,198629,35.0,139450,24.6
233,MT-At-large,MT,Montana,At-large,823668,162487,19.7,190761,23.2,270899,32.9,199521,24.2
234,NE-1,NE,Nebraska,1,473676,115814,24.5,111892,23.6,147670,31.2,98300,20.8
235,NE-2,NE,Nebraska,2,467041,98743,21.1,130827,28.0,152604,32.7,84867,18.2
236,NE-3,NE,Nebraska,3,439543,81629,18.6,95106,21.6,144924,33.0,117884,26.8
237,NV-1,NV,Nevada,1,418811,102489,24.5,97757,23.3,128524,30.7,90041,21.5
238,NV-2,NV,Nevada,2,531489,108295,20.4,122316,23.0,178178,33.5,122700,23.1
239,NV-3,NV,Nevada,3,607915,114455,18.8,165543,27.2,201412,33.1,126505,20.8
240,NV-4,NV,Nevada,4,516951,107683,20.8,129145,25.0,170032,32.9,110091,21.3
241,NH-1,NH,New Hampshire,1,540224,111039,20.6,117000,21.7,193985,35.9,118200,21.9
242,NH-2,NH,New Hampshire,2,529588,94001,17.7,110296,20.8,202379,38.2,122912,23.2
243,NJ-1,NJ,New Jersey,1,542034,111555,20.6,128857,23.8,190108,35.1,111514,20.6
244,NJ-2,NJ,New Jersey,2,531339,93137,17.5,110952,20.9,192550,36.2,134700,25.4
245,NJ-3,NJ,New Jersey,3,570276,103401,18.1,121577,21.3,204055,35.8,141243,24.8
246,NJ-4,NJ,New Jersey,4,539643,92318,17.1,109571,20.3,192765,35.7,144989,26.9
247,NJ-5,NJ,New Jersey,5,527932,89385,16.9,108059,20.5,204536,38.7,125952,23.9
248,NJ-6,NJ,New Jersey,6,502463,116015,23.1,108102,21.5,179916,35.8,98430,19.6
249,NJ-7,NJ,New Jersey,7,527076,88778,16.8,105529,20.0,216418,41.1,116351,22.1
250,NJ-8,NJ,New Jersey,8,425604,104194,24.5,121068,28.4,128201,30.1,72141,17.0
251,NJ-9,NJ,New Jersey,9,481499,99676,20.7,111457,23.1,169027,35.1,101339,21.0
252,NJ-10,NJ,New Jersey,10,496051,113595,22.9,125958,25.4,165331,33.3,91167,18.4
253,NJ-11,NJ,New Jersey,11,548734,92894,16.9,122467,22.3,205816,37.5,127557,23.2
254,NJ-12,NJ,New Jersey,12,505683,96015,19.0,108763,21.5,190033,37.6,110872,21.9
255,NM-1,NM,New Mexico,1,514775,109072,21.2,124471,24.2,166781,32.4,114451,22.2
256,NM-2,NM,New Mexico,2,484702,111415,23.0,110639,22.8,144518,29.8,118130,24.4
257,NM-3,NM,New Mexico,3,507907,95645,18.8,121837,24.0,162932,32.1,127493,25.1
258,NY-1,NY,New York,1,530436,100287,18.9,107433,20.3,196082,37.0,126634,23.9
259,NY-2,NY,New York,2,515987,103396,20.0,114796,22.2,192105,37.2,105690,20.5
260,NY-3,NY,New York,3,521235,84043,16.1,94788,18.2,201571,38.7,140833,27.0
261,NY-4,NY,New York,4,506457,97115,19.2,114081,22.5,175392,34.6,119869,23.7
262,NY-5,NY,New York,5,501784,108297,21.6,116210,23.2,177019,35.3,100258,20.0
263,NY-6,NY,New York,6,448065,79930,17.8,102886,23.0,155921,34.8,109328,24.4
264,NY-7,NY,New York,7,446196,118165,26.5,128013,28.7,126083,28.3,73935,16.6
265,NY-8,NY,New York,8,540660,122947,22.7,146729,27.1,159129,29.4,111855,20.7
266,NY-9,NY,New York,9,486880,106689,21.9,133320,27.4,145744,29.9,101127,20.8
267,NY-10,NY,New York,10,473542,104610,22.1,124335,26.3,138764,29.3,105833,22.3
268,NY-11,NY,New York,11,500998,94271,18.8,113514,22.7,176250,35.2,116963,23.3
269,NY-12,NY,New York,12,530252,138958,26.2,160540,30.3,125681,23.7,105073,19.8
270,NY-13,NY,New York,13,505003,132278,26.2,138772,27.5,147730,29.3,86223,17.1
271,NY-14,NY,New York,14,392398,84822,21.6,108371,27.6,121605,31.0,77600,19.8
272,NY-15,NY,New York,15,410819,118087,28.7,97836,23.8,125599,30.6,69297,16.9
273,NY-16,NY,New York,16,498243,97670,19.6,110557,22.2,170078,34.1,119938,24.1
274,NY-17,NY,New York,17,502861,99453,19.8,107969,21.5,177154,35.2,118285,23.5
275,NY-18,NY,New York,18,524373,110007,21.0,111866,21.3,194615,37.1,107885,20.6
276,NY-19,NY,New York,19,553713,100781,18.2,110525,20.0,200995,36.3,141412,25.5
277,NY-20,NY,New York,20,557251,128947,23.1,122739,22.0,183945,33.0,121620,21.8
278,NY-21,NY,New York,21,551303,113239,20.5,119095,21.6,194087,35.2,124882,22.7
279,NY-22,NY,New York,22,539437,114511,21.2,111158,20.6,184422,34.2,129346,24.0
280,NY-23,NY,New York,23,544564,120276,22.1,109777,20.2,185144,34.0,129367,23.8
281,NY-24,NY,New York,24,539797,111698,20.7,117482,21.8,189709,35.1,120908,22.4
282,NY-25,NY,New York,25,543698,117622,21.6,123905,22.8,181680,33.4,120491,22.2
283,NY-26,NY,New York,26,539694,120559,22.3,122162,22.6,175590,32.5,121383,22.5
284,NY-27,NY,New York,27,564383,95372,16.9,120176,21.3,212938,37.7,135897,24.1
285,NC-1,NC,North Carolina,1,566173,132862,23.5,125420,22.2,183238,32.4,124653,22.0
286,NC-2,NC,North Carolina,2,601142,106022,17.6,154674,25.7,224620,37.4,115826,19.3
287,NC-3,NC,North Carolina,3,579504,140107,24.2,124968,21.6,183311,31.6,131118,22.6
288,NC-4,NC,North Carolina,4,624834,160718,25.7,165799,26.5,199641,32.0,98676,15.8
289,NC-5,NC,North Carolina,5,572721,120924,21.1,115470,20.2,198628,34.7,137699,24.0
290,NC-6,NC,North Carolina,6,567392,108516,19.1,120375,21.2,203804,35.9,134697,23.7
291,NC-7,NC,North Carolina,7,613510,120856,19.7,130075,21.2,204550,33.3,158029,25.8
292,NC-8,NC,North Carolina,8,581896,134841,23.2,139696,24.0,189464,32.6,117895,20.3
293,NC-9,NC,North Carolina,9,561804,104526,18.6,130550,23.2,206102,36.7,120626,21.5
294,NC-10,NC,North Carolina,10,585102,107076,18.3,129277,22.1,208870,35.7,139879,23.9
295,NC-11,NC,North Carolina,11,604505,100736,16.7,121933,20.2,208993,34.6,172843,28.6
296,NC-12,NC,North Carolina,12,591843,149353,25.2,170864,28.9,188532,31.9,83094,14.0
297,NC-13,NC,North Carolina,13,579274,119172,20.6,126619,21.9,204338,35.3,129145,22.3
298,ND-At-large,ND,North Dakota,At-large,567351,139148,24.5,139250,24.5,172914,30.5,116039,20.5
299,OH-1,OH,Ohio,1,541695,115385,21.3,127214,23.5,188655,34.8,110441,20.4
300,OH-2,OH,Ohio,2,557971,110038,19.7,135103,24.2,193722,34.7,119108,21.3
301,OH-3,OH,Ohio,3,560963,153956,27.4,152437,27.2,173350,30.9,81220,14.5
302,OH-4,OH,Ohio,4,542874,107261,19.8,120580,22.2,192235,35.4,122798,22.6
303,OH-5,OH,Ohio,5,549171,108332,19.7,120658,22.0,190308,34.7,129873,23.6
304,OH-6,OH,Ohio,6,545803,92786,17.0,115894,21.2,198331,36.3,138792,25.4
305,OH-7,OH,Ohio,7,557024,102049,18.3,127143,22.8,193475,34.7,134357,24.1
306,OH-8,OH,Ohio,8,546406,112205,20.5,122391,22.4,189359,34.7,122451,22.4
307,OH-9,OH,Ohio,9,545749,124360,22.8,125503,23.0,185628,34.0,110258,20.2
308,OH-10,OH,Ohio,10,552514,119030,21.5,123728,22.4,182094,33.0,127662,23.1
309,OH-11,OH,Ohio,11,524803,115904,22.1,112868,21.5,177785,33.9,118246,22.5
310,OH-12,OH,Ohio,12,585940,116111,19.8,143636,24.5,203572,34.7,122621,20.9
311,OH-13,OH,Ohio,13,559931,121208,21.6,118910,21.2,188243,33.6,131570,23.5
312,OH-14,OH,Ohio,14,553668,91212,16.5,116235,21.0,202802,36.6,143419,25.9
313,OH-15,OH,Ohio,15,586092,122586,20.9,148238,25.3,195592,33.4,119676,20.4
314,OH-16,OH,Ohio,16,553316,94003,17.0,119356,21.6,195092,35.3,144865,26.2
315,OK-1,OK,Oklahoma,1,565812,119601,21.1,142459,25.2,185630,32.8,118122,20.9
316,OK-2,OK,Oklahoma,2,564213,111772,19.8,124240,22.0,187143,33.2,141058,25.0
317,OK-3,OK,Oklahoma,3,571661,128376,22.5,136979,24.0,181404,31.7,124902,21.8
318,OK-4,OK,Oklahoma,4,589702,140663,23.9,148141,25.1,183691,31.1,117207,19.9
319,OK-5,OK,Oklahoma,5,561277,127461,22.7,145137,25.9,177443,31.6,111236,19.8
320,OR-1,OR,Oregon,1,606198,122267,20.2,156907,25.9,203271,33.5,123753,20.4
321,OR-2,OR,Oregon,2,619186,107760,17.4,137721,22.2,203375,32.8,170330,27.5
322,OR-3,OR,Oregon,3,627716,128785,20.5,192698,30.7,195594,31.2,110639,17.6
323,OR-4,OR,Oregon,4,638548,137856,21.6,131793,20.6,197411,30.9,171488,26.9
324,OR-5,OR,Oregon,5,606523,121244,20.0,135652,22.4,202365,33.4,147262,24.3
325,PA-1,PA,Pennsylvania,1,544860,92077,16.9,114576,21.0,208051,38.2,130156,23.9
326,PA-2,PA,Pennsylvania,2,496510,108907,21.9,131431,26.5,162980,32.8,93192,18.8
327,PA-3,PA,Pennsylvania,3,564612,163596,29.0,147436,26.1,155674,27.6,97906,17.3
328,PA-4,PA,Pennsylvania,4,543723,93110,17.1,126725,23.3,196830,36.2,127058,23.4
329,PA-5,PA,Pennsylvania,5,519983,107792,20.7,123762,23.8,176758,34.0,111671,21.5
330,PA-6,PA,Pennsylvania,6,522912,104793,20.0,115963,22.2,186198,35.6,115958,22.2
331,PA-7,PA,Pennsylvania,7,552078,112979,20.5,120075,21.7,190234,34.5,128790,23.3
332,PA-8,PA,Pennsylvania,8,535133,96758,18.1,111460,20.8,191872,35.9,135043,25.2
333,PA-9,PA,Pennsylvania,9,555775,101991,18.4,113868,20.5,200346,36.0,139570,25.1
334,PA-10,PA,Pennsylvania,10,552761,104026,18.8,132749,24.0,190256,34.4,125730,22.7
335,PA-11,PA,Pennsylvania,11,553568,108179,19.5,121027,21.9,190275,34.4,134087,24.2
336,PA-12,PA,Pennsylvania,12,551022,123316,22.4,110831,20.1,183226,33.3,133649,24.3
337,PA-13,PA,Pennsylvania,13,545111,95067,17.4,111055,20.4,195512,35.9,143477,26.3
338,PA-14,PA,Pennsylvania,14,551164,92479,16.8,113121,20.5,199732,36.2,145832,26.5
339,PA-15,PA,Pennsylvania,15,548615,103760,18.9,109888,20.0,194162,35.4,140805,25.7
340,PA-16,PA,Pennsylvania,16,539710,105421,19.5,112260,20.8,188904,35.0,133125,24.7
341,PA-17,PA,Pennsylvania,17,559285,89713,16.0,129224,23.1,201518,36.0,138830,24.8
342,PA-18,PA,Pennsylvania,18,544390,124197,22.8,125413,23.0,167548,30.8,127232,23.4
343,RI-1,RI,Rhode Island,1,395409,86516,21.9,88010,22.3,131729,33.3,89154,22.5
344,RI-2,RI,Rhode Island,2,407668,90505,22.2,86605,21.2,142807,35.0,87751,21.5
345,SC-1,SC,South Carolina,1,613912,117100,19.1,152845,24.9,199262,32.5,144705,23.6
346,SC-2,SC,South Carolina,2,537342,112273,20.9,126169,23.5,183210,34.1,115690,21.5
347,SC-3,SC,South Carolina,3,534772,110832,20.7,113351,21.2,180995,33.8,129594,24.2
348,SC-4,SC,South Carolina,4,533533,114689,21.5,122139,22.9,181414,34.0,115291,21.6
349,SC-5,SC,South Carolina,5,552247,107394,19.4,130685,23.7,191844,34.7,122324,22.2
350,SC-6,SC,South Carolina,6,506843,135079,26.7,116303,22.9,151193,29.8,104268,20.6
351,SC-7,SC,South Carolina,7,571428,100281,17.5,116934,20.5,194600,34.1,159613,27.9
352,SD-At-large,SD,South Dakota,At-large,647089,135924,21.0,154204,23.8,211141,32.6,145820,22.5
353,TN-1,TN,Tennessee,1,563918,101879,18.1,115573,20.5,199303,35.3,147163,26.1
354,TN-2,TN,Tennessee,2,583056,126317,21.7,126787,21.7,195284,33.5,134668,23.1
355,TN-3,TN,Tennessee,3,571456,107332,18.8,127851,22.4,199140,34.8,137133,24.0
356,TN-4,TN,Tennessee,4,590540,131798,22.3,139598,23.6,202170,34.2,116974,19.8
357,TN-5,TN,Tennessee,5,563797,138645,24.6,154933,27.5,174676,31.0,95543,16.9
358,TN-6,TN,Tennessee,6,591603,110663,18.7,133871,22.6,208991,35.3,138078,23.3
359,TN-7,TN,Tennessee,7,578288,115496,20.0,148381,25.7,198625,34.3,115786,20.0
360,TN-8,TN,Tennessee,8,525277,95988,18.3,118670,22.6,187803,35.8,122816,23.4
361,TN-9,TN,Tennessee,9,507231,128416,25.3,126301,24.9,164660,32.5,87854,17.3
362,TX-1,TX,Texas,1,511974,116139,22.7,115651,22.6,162219,31.7,117965,23.0
363,TX-2,TX,Texas,2,520180,110982,21.3,153422,29.5,165265,31.8,90511,17.4
364,TX-3,TX,Texas,3,563318,107159,19.0,151459,26.9,211761,37.6,92939,16.5
365,TX-4,TX,Texas,4,543354,101034,18.6,130722,24.1,185907,34.2,125691,23.1
366,TX-5,TX,Texas,5,480610,99057,20.6,124188,25.8,157352,32.7,100013,20.8
367,TX-6,TX,Texas,6,554709,125279,22.6,151253,27.3,187069,33.7,91108,16.4
368,TX-7,TX,Texas,7,448262,94925,21.2,122431,27.3,152485,34.0,78421,17.5
369,TX-8,TX,Texas,8,584039,114865,19.7,153896,26.4,199843,34.2,115435,19.8
370,TX-9,TX,Texas,9,445634,125106,28.1,112131,25.2,138785,31.1,69612,15.6
371,TX-10,TX,Texas,10,593629,124192,20.9,163629,27.6,195137,32.9,110671,18.6
372,TX-11,TX,Texas,11,542570,125640,23.2,132612,24.4,164392,30.3,119926,22.1
373,TX-12,TX,Texas,12,572411,126234,22.1,147586,25.8,195434,34.1,103157,18.0
374,TX-13,TX,Texas,13,493390,107099,21.7,120804,24.5,159812,32.4,105675,21.4
375,TX-14,TX,Texas,14,532153,110575,20.8,137967,25.9,180436,33.9,103175,19.4
376,TX-15,TX,Texas,15,435170,127796,29.4,109100,25.1,126966,29.2,71308,16.4
377,TX-16,TX,Texas,16,458940,133726,29.1,123299,26.9,124935,27.2,76980,16.8
378,TX-17,TX,Texas,17,550601,171731,31.2,129226,23.5,155299,28.2,94345,17.1
379,TX-18,TX,Texas,18,480387,126644,26.4,138713,28.9,144541,30.1,70489,14.7
380,TX-19,TX,Texas,19,509891,141466,27.7,125507,24.6,145193,28.5,97725,19.2
381,TX-20,TX,Texas,20,549483,160406,29.2,149365,27.2,153772,28.0,85940,15.6
382,TX-21,TX,Texas,21,622228,142173,22.8,157270,25.3,194292,31.2,128493,20.7
383,TX-22,TX,Texas,22,577164,115523,20.0,160247,27.8,205845,35.7,95549,16.6
384,TX-23,TX,Texas,23,507547,122847,24.2,136998,27.0,153042,30.2,94660,18.7
385,TX-24,TX,Texas,24,503766,107198,21.3,135318,26.9,175632,34.9,85618,17.0
386,TX-25,TX,Texas,25,570238,120182,21.1,151528,26.6,184393,32.3,114135,20.0
387,TX-26,TX,Texas,26,605249,131803,21.8,172846,28.6,213256,35.2,87344,14.4
388,TX-27,TX,Texas,27,517267,108956,21.1,128370,24.8,165306,32.0,114635,22.2
389,TX-28,TX,Texas,28,434305,116088,26.7,112878,26.0,130291,30.0,75048,17.3
390,TX-29,TX,Texas,29,369239,115825,31.4,94998,25.7,111250,30.1,47166,12.8
391,TX-30,TX,Texas,30,479082,122989,25.7,120418,25.1,156127,32.6,79548,16.6
392,TX-31,TX,Texas,31,602236,137130,22.8,172836,28.7,190521,31.6,101749,16.9
393,TX-32,TX,Texas,32,505867,120849,23.9,127369,25.2,166856,33.0,90793,17.9
394,TX-33,TX,Texas,33,360226,107457,29.8,87377,24.3,109125,30.3,56267,15.6
395,TX-34,TX,Texas,34,424863,111405,26.2,105261,24.8,121813,28.7,86384,20.3
396,TX-35,TX,Texas,35,532967,152919,28.7,153805,28.9,151784,28.5,74459,14.0
397,TX-36,TX,Texas,36,519385,111025,21.4,124400,24.0,176585,34.0,107375,20.7
398,UT-1,UT,Utah,1,521517,138536,26.6,148842,28.5,151996,29.1,82143,15.8
399,UT-2,UT,Utah,2,529608,137185,25.9,146798,27.7,143419,27.1,102206,19.3
400,UT-3,UT,Utah,3,517848,166076,32.1,129325,25.0,139150,26.9,83297,16.1
401,UT-4,UT,Utah,4,518368,125929,24.3,171294,33.0,144381,27.9,76764,14.8
402,VT-At-large,VT,Vermont,At-large,500274,100387,20.1,103384,20.7,173821,34.7,122682,24.5
403,VA-1,VA,Virginia,1,590281,115999,19.7,141411,24.0,210432,35.6,122439,20.7
404,VA-2,VA,Virginia,2,559397,140647,25.1,136454,24.4,172710,30.9,109586,19.6
405,VA-3,VA,Virginia,3,559137,144935,25.9,140818,25.2,174813,31.3,98571,17.6
406,VA-4,VA,Virginia,4,579606,127615,22.0,141627,24.4,196356,33.9,114008,19.7
407,VA-5,VA,Virginia,5,578531,109871,19.0,121923,21.1,197536,34.1,149201,25.8
408,VA-6,VA,Virginia,6,582756,131680,22.6,119755,20.5,191356,32.8,139965,24.0
409,VA-7,VA,Virginia,7,588061,108547,18.5,142947,24.3,210231,35.7,126336,21.5
410,VA-8,VA,Virginia,8,533417,109243,20.5,168603,31.6,166271,31.2,89300,16.7
411,VA-9,VA,Virginia,9,567315,119009,21.0,111192,19.6,191661,33.8,145453,25.6
412,VA-10,VA,Virginia,10,565197,98594,17.4,144436,25.6,219463,38.8,102704,18.2
413,VA-11,VA,Virginia,11,509988,108065,21.2,133940,26.3,181280,35.5,86703,17.0
414,WA-1,WA,Washington,1,519555,89058,17.1,139221,26.8,193442,37.2,97834,18.8
415,WA-2,WA,Washington,2,558321,127235,22.8,132695,23.8,177757,31.8,120634,21.6
416,WA-3,WA,Washington,3,544994,98922,18.2,130162,23.9,188493,34.6,127417,23.4
417,WA-4,WA,Washington,4,443137,101079,22.8,104005,23.5,139372,31.5,98681,22.3
418,WA-5,WA,Washington,5,551532,128261,23.3,125417,22.7,173298,31.4,124556,22.6
419,WA-6,WA,Washington,6,570991,105695,18.5,133343,23.4,185911,32.6,146042,25.6
420,WA-7,WA,Washington,7,600321,143720,23.9,177404,29.6,169461,28.2,109736,18.3
421,WA-8,WA,Washington,8,522952,90974,17.4,129726,24.8,201383,38.5,100869,19.3
422,WA-9,WA,Washington,9,499184,104339,20.9,134537,27.0,163081,32.7,97227,19.5
423,WA-10,WA,Washington,10,544552,127027,23.3,139911,25.7,168782,31.0,108832,20.0
424,WV-1,WV,West Virginia,1,486327,101752,20.9,104414,21.5,159942,32.9,120219,24.7
425,WV-2,WV,West Virginia,2,487208,85419,17.5,110323,22.6,172084,35.3,119382,24.5
426,WV-3,WV,West Virginia,3,457623,80052,17.5,100024,21.9,157192,34.3,120355,26.3
427,WI-1,WI,Wisconsin,1,539789,97284,18.0,122993,22.8,202358,37.5,117154,21.7
428,WI-2,WI,Wisconsin,2,577976,140415,24.3,138504,24.0,184902,32.0,114155,19.8
429,WI-3,WI,Wisconsin,3,566700,132563,23.4,118693,20.9,186191,32.9,129253,22.8
430,WI-4,WI,Wisconsin,4,493143,130598,26.5,127685,25.9,150055,30.4,84805,17.2
431,WI-5,WI,Wisconsin,5,558805,98106,17.6,131851,23.6,197688,35.4,131160,23.5
432,WI-6,WI,Wisconsin,6,556485,102408,18.4,122332,22.0,200105,36.0,131640,23.7
433,WI-7,WI,Wisconsin,7,552651,86048,15.6,115957,21.0,206377,37.3,144269,26.1
434,WI-8,WI,Wisconsin,8,556205,101057,18.2,128912,23.2,200720,36.1,125516,22.6
435,WY-At-large,WY,Wyoming,At-large,433644,86967,20.1,106361,24.5,144337,33.3,95979,22.1
