,District,State abbreviation,State name,Congressional district,Citizen voting-age population Estimate,White Estimate,White Percent of total,Black Estimate,Black Percent of total,Asian Estimate,Asian Percent of total,American Indian and Alaska Native Estimate,American Indian and Alaska Native Percent of total,Native Hawaiian and other Pacific Islander Estimate,Native Hawaiian and other Pacific Islander Percent of total,Some other race Estimate,Some other race Percent of total,Two or more races Estimate,Two or more races Percent of total,Hispanic Estimate,Hispanic Percent of total,White non-Hispanic Estimate,White non-Hispanic Percent of total
0,AL-1,AL,Alabama,1,544464,379018,69.6,144187,26.5,6506,1.2,0,0.0,0,0.0,2884,0.5,7325,1.3,11678,2.1,370443,68.0
1,AL-2,AL,Alabama,2,516295,338162,65.5,162707,31.5,3817,0.7,0,0.0,0,0.0,1818,0.4,7705,1.5,9755,1.9,331192,64.1
2,AL-3,AL,Alabama,3,543854,390539,71.8,139026,25.6,4028,0.7,0,0.0,0,0.0,2448,0.5,6754,1.2,12241,2.3,381547,70.2
3,AL-4,AL,Alabama,4,515701,459105,89.0,39714,7.7,0,0.0,0,0.0,0,0.0,3529,0.7,8327,1.6,11700,2.3,451856,87.6
4,AL-5,AL,Alabama,5,551968,427462,77.4,99160,18.0,5209,0.9,0,0.0,0,0.0,5852,1.1,12317,2.2,14670,2.7,420181,76.1
5,AL-6,AL,Alabama,6,535753,431768,80.6,82560,15.4,7642,1.4,0,0.0,0,0.0,5066,0.9,9103,1.7,12660,2.4,423727,79.1
6,AL-7,AL,Alabama,7,504177,180979,35.9,313943,62.3,0,0.0,0,0.0,0,0.0,0,0.0,0,0.0,7621,1.5,175060,34.7
7,AK-At-large,AK,Alaska,At-large,532244,368438,69.2,17519,3.3,26468,5.0,75676,14.2,4320,0.8,6980,1.3,33181,6.2,31790,6.0,349058,65.6
8,AZ-1,AZ,Arizona,1,568661,388200,68.3,16019,2.8,6283,1.1,124578,21.9,0,0.0,16627,2.9,17080,3.0,107249,18.9,309394,54.4
9,AZ-2,AZ,Arizona,2,550044,458052,83.3,20701,3.8,14034,2.6,9940,1.8,0,0.0,25168,4.6,21864,4.0,130624,23.7,365443,66.4
10,AZ-3,AZ,Arizona,3,500787,357944,71.5,28175,5.6,9604,1.9,26382,5.3,0,0.0,59120,11.8,18519,3.7,267591,53.4,174893,34.9
11,AZ-4,AZ,Arizona,4,633528,578190,91.3,11176,1.8,7942,1.3,8582,1.4,0,0.0,11112,1.8,15000,2.4,99681,15.7,495800,78.3
12,AZ-5,AZ,Arizona,5,587681,507420,86.3,22836,3.9,22282,3.8,7605,1.3,0,0.0,13416,2.3,13467,2.3,79986,13.6,445503,75.8
13,AZ-6,AZ,Arizona,6,577899,506970,87.7,20018,3.5,18222,3.2,8632,1.5,0,0.0,9807,1.7,13635,2.4,69238,12.0,451867,78.2
14,AZ-7,AZ,Arizona,7,454957,317721,69.8,52274,11.5,10856,2.4,18769,4.1,0,0.0,37487,8.2,18298,4.0,231252,50.8,141414,31.1
15,AZ-8,AZ,Arizona,8,599423,510303,85.1,28428,4.7,20387,3.4,0,0.0,0,0.0,17439,2.9,15934,2.7,94705,15.8,441353,73.6
16,AZ-9,AZ,Arizona,9,562791,442582,78.6,36493,6.5,21686,3.9,18138,3.2,0,0.0,21432,3.8,19896,3.5,108397,19.3,365415,64.9
17,AR-1,AR,Arkansas,1,548710,438139,79.8,87917,16.0,0,0.0,0,0.0,0,0.0,4421,0.8,16059,2.9,11266,2.1,431129,78.6
18,AR-2,AR,Arkansas,2,570220,422355,74.1,128263,22.5,6177,1.1,0,0.0,0,0.0,3314,0.6,8778,1.5,13186,2.3,413714,72.6
19,AR-3,AR,Arkansas,3,573113,500760,87.4,18315,3.2,12673,2.2,0,0.0,1735,0.3,19983,3.5,13215,2.3,46024,8.0,476885,83.2
20,AR-4,AR,Arkansas,4,532069,411637,77.4,100650,18.9,3019,0.6,0,0.0,0,0.0,6858,1.3,7232,1.4,15662,2.9,403409,75.8
21,CA-1,CA,California,1,553702,485784,87.7,10767,1.9,12127,2.2,9608,1.7,0,0.0,14141,2.6,21522,3.9,58536,10.6,445921,80.5
22,CA-2,CA,California,2,534951,454414,84.9,8870,1.7,19514,3.6,11655,2.2,0,0.0,19112,3.6,20970,3.9,61074,11.4,418700,78.3
23,CA-3,CA,California,3,504299,359233,71.2,35270,7.0,52394,10.4,5960,1.2,0,0.0,22185,4.4,25321,5.0,109241,21.7,280363,55.6
24,CA-4,CA,California,4,573118,497366,86.8,0,0.0,27898,4.9,0,0.0,0,0.0,11868,2.1,23354,4.1,64548,11.3,450006,78.5
25,CA-5,CA,California,5,508369,351083,69.1,34910,6.9,56492,11.1,0,0.0,0,0.0,37843,7.4,21549,4.2,97104,19.1,301558,59.3
26,CA-6,CA,California,6,506434,271180,53.5,71316,14.1,83265,16.4,0,0.0,5553,1.1,40599,8.0,30155,6.0,111950,22.1,215048,42.5
27,CA-7,CA,California,7,537436,361187,67.2,44099,8.2,75279,14.0,0,0.0,4850,0.9,19591,3.6,26770,5.0,82608,15.4,307594,57.2
28,CA-8,CA,California,8,477512,368454,77.2,43008,9.0,14025,2.9,9164,1.9,0,0.0,25509,5.3,16327,3.4,155314,32.5,248281,52.0
29,CA-9,CA,California,9,482967,290420,60.1,49206,10.2,69600,14.4,0,0.0,0,0.0,29461,6.1,38620,8.0,142052,29.4,206544,42.8
30,CA-10,CA,California,10,493409,375752,76.2,18469,3.7,35626,7.2,5748,1.2,4250,0.9,30849,6.3,22943,4.6,175701,35.6,244470,49.5
31,CA-11,CA,California,11,508963,311242,61.2,49347,9.7,74364,14.6,0,0.0,0,0.0,41347,8.1,28089,5.5,92941,18.3,270864,53.2
32,CA-12,CA,California,12,571300,296423,51.9,32133,5.6,178128,31.2,0,0.0,0,0.0,33021,5.8,28512,5.0,66614,11.7,269198,47.1
33,CA-13,CA,California,13,536892,247852,46.2,98151,18.3,109823,20.5,3579,0.7,3939,0.7,43499,8.1,30049,5.6,83915,15.6,217540,40.5
34,CA-14,CA,California,14,511049,241671,47.3,17614,3.4,177859,34.8,0,0.0,6011,1.2,40390,7.9,26057,5.1,91581,17.9,198763,38.9
35,CA-15,CA,California,15,503361,232958,46.3,33069,6.6,157240,31.2,0,0.0,5903,1.2,46852,9.3,24347,4.8,94547,18.8,194131,38.6
36,CA-16,CA,California,16,423147,259896,61.4,29949,7.1,40911,9.7,6254,1.5,0,0.0,73557,17.4,12434,2.9,210149,49.7,133048,31.4
37,CA-17,CA,California,17,438374,166583,38.0,11616,2.6,208824,47.6,0,0.0,0,0.0,30812,7.0,17009,3.9,69573,15.9,134388,30.7
38,CA-18,CA,California,18,491580,346243,70.4,11030,2.2,100672,20.5,0,0.0,0,0.0,14024,2.9,17163,3.5,56623,11.5,307735,62.6
39,CA-19,CA,California,19,482363,229734,47.6,18927,3.9,143142,29.7,0,0.0,0,0.0,60224,12.5,21598,4.5,152994,31.7,149701,31.0
40,CA-20,CA,California,20,434889,305946,70.4,11941,2.7,27517,6.3,0,0.0,0,0.0,64715,14.9,19754,4.5,158794,36.5,221760,51.0
41,CA-21,CA,California,21,354669,248130,70.0,21886,6.2,16544,4.7,3929,1.1,0,0.0,50257,14.2,13545,3.8,216534,61.1,91472,25.8
42,CA-22,CA,California,22,483064,346638,71.8,15143,3.1,38914,8.1,0,0.0,0,0.0,57049,11.8,18805,3.9,189448,39.2,227786,47.2
43,CA-23,CA,California,23,490446,380726,77.6,32679,6.7,21724,4.4,0,0.0,0,0.0,34044,6.9,15283,3.1,160510,32.7,261955,53.4
44,CA-24,CA,California,24,508333,425380,83.7,12424,2.4,23909,4.7,0,0.0,0,0.0,21444,4.2,18701,3.7,123255,24.2,334770,65.9
45,CA-25,CA,California,25,482964,330756,68.5,34903,7.2,41939,8.7,0,0.0,0,0.0,52485,10.9,19310,4.0,159316,33.0,234020,48.5
46,CA-26,CA,California,26,480928,395925,82.3,11733,2.4,33306,6.9,0,0.0,0,0.0,17324,3.6,17814,3.7,169562,35.3,254914,53.0
47,CA-27,CA,California,27,471963,206447,43.7,22520,4.8,169067,35.8,0,0.0,0,0.0,55402,11.7,15942,3.4,117921,25.0,150127,31.8
48,CA-28,CA,California,28,502971,363249,72.2,14106,2.8,61516,12.2,0,0.0,0,0.0,39628,7.9,21009,4.2,96915,19.3,312385,62.1
49,CA-29,CA,California,29,402898,237736,59.0,22226,5.5,35957,8.9,3255,0.8,0,0.0,91212,22.6,11663,2.9,227603,56.5,111309,27.6
50,CA-30,CA,California,30,529846,352578,66.5,32932,6.2,69798,13.2,0,0.0,0,0.0,51757,9.8,19650,3.7,117071,22.1,293695,55.4
51,CA-31,CA,California,31,482081,308232,63.9,56448,11.7,31947,6.6,0,0.0,0,0.0,58974,12.2,20841,4.3,221491,45.9,157858,32.7
52,CA-32,CA,California,32,449452,243616,54.2,16232,3.6,83560,18.6,5739,1.3,0,0.0,64727,14.4,33327,7.4,253798,56.5,86125,19.2
53,CA-33,CA,California,33,517251,393760,76.1,21199,4.1,60673,11.7,0,0.0,0,0.0,15442,3.0,23687,4.6,64031,12.4,349617,67.6
54,CA-34,CA,California,34,425520,159449,37.5,36952,8.7,95508,22.4,4847,1.1,0,0.0,112049,26.3,15476,3.6,209425,49.2,75074,17.6
55,CA-35,CA,California,35,450565,218021,48.4,30706,6.8,34266,7.6,0,0.0,0,0.0,143278,31.8,18524,4.1,292642,65.0,83458,18.5
56,CA-36,CA,California,36,536333,366541,68.3,25914,4.8,21313,4.0,5902,1.1,0,0.0,101943,19.0,13821,2.6,204219,38.1,270697,50.5
57,CA-37,CA,California,37,468463,224556,47.9,123198,26.3,49704,10.6,3328,0.7,0,0.0,47551,10.2,18997,4.1,135466,28.9,144734,30.9
58,CA-38,CA,California,38,481296,213694,44.4,20765,4.3,82896,17.2,0,0.0,0,0.0,144191,30.0,13245,2.8,270818,56.3,96943,20.1
59,CA-39,CA,California,39,486713,263909,54.2,14918,3.1,152057,31.2,0,0.0,0,0.0,35968,7.4,14948,3.1,140123,28.8,169329,34.8
60,CA-40,CA,California,40,340435,181946,53.4,25692,7.5,12880,3.8,3015,0.9,0,0.0,108373,31.8,7930,2.3,271720,79.8,26637,7.8
61,CA-41,CA,California,41,478613,262972,54.9,50689,10.6,31893,6.7,0,0.0,0,0.0,112567,23.5,16584,3.5,258511,54.0,127599,26.7
62,CA-42,CA,California,42,538265,361584,67.2,37246,6.9,49668,9.2,0,0.0,0,0.0,61925,11.5,21603,4.0,177937,33.1,255808,47.5
63,CA-43,CA,California,43,454185,177842,39.2,119732,26.4,68865,15.2,2291,0.5,0,0.0,65073,14.3,18986,4.2,165629,36.5,87475,19.3
64,CA-44,CA,California,44,395819,165491,41.8,85383,21.6,25054,6.3,0,0.0,0,0.0,99590,25.2,12702,3.2,236098,59.6,37927,9.6
65,CA-45,CA,California,45,532802,366022,68.7,9614,1.8,114232,21.4,0,0.0,0,0.0,20267,3.8,20084,3.8,86584,16.3,304010,57.1
66,CA-46,CA,California,46,408633,243975,59.7,11486,2.8,59189,14.5,0,0.0,0,0.0,81155,19.9,9290,2.3,222627,54.5,109333,26.8
67,CA-47,CA,California,47,491712,266203,54.1,43843,8.9,110767,22.5,0,0.0,0,0.0,45797,9.3,17579,3.6,127919,26.0,192536,39.2
68,CA-48,CA,California,48,529832,359070,67.8,9696,1.8,106927,20.2,0,0.0,0,0.0,34320,6.5,16254,3.1,83297,15.7,317093,59.8
69,CA-49,CA,California,49,519302,421261,81.1,18361,3.5,38574,7.4,0,0.0,0,0.0,19567,3.8,17266,3.3,96576,18.6,349606,67.3
70,CA-50,CA,California,50,513522,420132,81.8,14365,2.8,26540,5.2,6867,1.3,0,0.0,23519,4.6,19507,3.8,125071,24.4,325178,63.3
71,CA-51,CA,California,51,445034,288652,64.9,38528,8.7,41241,9.3,0,0.0,0,0.0,55092,12.4,15511,3.5,275718,62.0,80486,18.1
72,CA-52,CA,California,52,546843,396684,72.5,21380,3.9,86599,15.8,0,0.0,0,0.0,15819,2.9,21843,4.0,68051,12.4,351596,64.3
73,CA-53,CA,California,53,563962,382461,67.8,47426,8.4,75888,13.5,0,0.0,0,0.0,26884,4.8,25410,4.5,161670,28.7,261411,46.4
74,CO-1,CO,Colorado,1,619349,506072,81.7,45513,7.3,17469,2.8,0,0.0,0,0.0,23219,3.7,20096,3.2,119977,19.4,418148,67.5
75,CO-2,CO,Colorado,2,619285,576504,93.1,0,0.0,13255,2.1,0,0.0,0,0.0,6147,1.0,14535,2.3,46193,7.5,540357,87.3
76,CO-3,CO,Colorado,3,565901,514091,90.8,0,0.0,4563,0.8,13233,2.3,0,0.0,19146,3.4,9553,1.7,109815,19.4,432148,76.4
77,CO-4,CO,Colorado,4,598599,548225,91.6,8010,1.3,10268,1.7,0,0.0,0,0.0,11070,1.8,15269,2.6,101117,16.9,465288,77.7
78,CO-5,CO,Colorado,5,603967,507651,84.1,36260,6.0,12558,2.1,0,0.0,0,0.0,15684,2.6,24563,4.1,79608,13.2,454724,75.3
79,CO-6,CO,Colorado,6,567801,445319,78.4,54258,9.6,26492,4.7,0,0.0,0,0.0,16198,2.9,18358,3.2,82000,14.4,388277,68.4
80,CO-7,CO,Colorado,7,576138,515075,89.4,9840,1.7,14416,2.5,0,0.0,0,0.0,14676,2.5,16322,2.8,127630,22.2,411026,71.3
81,CT-1,CT,Connecticut,1,523004,389864,74.5,74654,14.3,18123,3.5,0,0.0,0,0.0,25590,4.9,13819,2.6,76120,14.6,349882,66.9
82,CT-2,CT,Connecticut,2,548572,490483,89.4,21561,3.9,12282,2.2,0,0.0,0,0.0,9461,1.7,12947,2.4,34236,6.2,471406,85.9
83,CT-3,CT,Connecticut,3,535024,415047,77.6,73000,13.6,16583,3.1,0,0.0,0,0.0,20078,3.8,9426,1.8,65126,12.2,376872,70.4
84,CT-4,CT,Connecticut,4,496370,385473,77.7,58892,11.9,21594,4.4,0,0.0,0,0.0,19799,4.0,9394,1.9,70913,14.3,341510,68.8
85,CT-5,CT,Connecticut,5,511395,428788,83.8,37035,7.2,12937,2.5,0,0.0,0,0.0,20742,4.1,10348,2.0,74862,14.6,379746,74.3
86,DE-At-large,DE,Delaware,At-large,720867,521934,72.4,158901,22.0,15714,2.2,0,0.0,0,0.0,6555,0.9,13093,1.8,38834,5.4,495504,68.7
87,DC-At-large,DC,District of Columbia,At-large,526393,240198,45.6,240843,45.8,19162,3.6,0,0.0,0,0.0,9019,1.7,14842,2.8,36738,7.0,219188,41.6
88,FL-1,FL,Florida,1,601423,478730,79.6,77669,12.9,14425,2.4,0,0.0,0,0.0,7267,1.2,18881,3.1,33268,5.5,456722,75.9
89,FL-2,FL,Florida,2,573718,471948,82.3,72643,12.7,7051,1.2,0,0.0,0,0.0,6613,1.2,12474,2.2,28069,4.9,452634,78.9
90,FL-3,FL,Florida,3,579993,449642,77.5,94257,16.3,15798,2.7,0,0.0,0,0.0,7252,1.3,11235,1.9,51546,8.9,407799,70.3
91,FL-4,FL,Florida,4,614794,515197,83.8,55158,9.0,21102,3.4,0,0.0,0,0.0,8382,1.4,12540,2.0,39896,6.5,483093,78.6
92,FL-5,FL,Florida,5,541992,257422,47.5,253971,46.9,10734,2.0,0,0.0,0,0.0,5696,1.1,11808,2.2,33932,6.3,232592,42.9
93,FL-6,FL,Florida,6,621566,524555,84.4,59921,9.6,9225,1.5,0,0.0,0,0.0,18471,3.0,6898,1.1,70307,11.3,475149,76.4
94,FL-7,FL,Florida,7,581583,455558,78.3,61316,10.5,21799,3.7,0,0.0,0,0.0,27205,4.7,14159,2.4,136155,23.4,353215,60.7
95,FL-8,FL,Florida,8,610604,527572,86.4,53879,8.8,11561,1.9,0,0.0,0,0.0,3277,0.5,12045,2.0,55610,9.1,478959,78.4
96,FL-9,FL,Florida,9,644898,491703,76.2,77000,11.9,17089,2.6,0,0.0,0,0.0,38959,6.0,18829,2.9,248443,38.5,298166,46.2
97,FL-10,FL,Florida,10,546157,328556,60.2,149037,27.3,26403,4.8,0,0.0,0,0.0,27895,5.1,12385,2.3,130233,23.8,228710,41.9
98,FL-11,FL,Florida,11,652135,584168,89.6,42623,6.5,6265,1.0,0,0.0,0,0.0,7035,1.1,10705,1.6,57736,8.9,535611,82.1
99,FL-12,FL,Florida,12,605983,540706,89.2,27926,4.6,13016,2.1,0,0.0,0,0.0,10067,1.7,11346,1.9,64029,10.6,490925,81.0
100,FL-13,FL,Florida,13,584889,479723,82.0,68348,11.7,15854,2.7,0,0.0,0,0.0,5689,1.0,12961,2.2,46059,7.9,444148,75.9
101,FL-14,FL,Florida,14,534225,381218,71.4,95829,17.9,17872,3.3,0,0.0,0,0.0,16749,3.1,21164,4.0,138740,26.0,273612,51.2
102,FL-15,FL,Florida,15,578715,451431,78.0,84991,14.7,11201,1.9,0,0.0,0,0.0,14806,2.6,13386,2.3,103755,17.9,370973,64.1
103,FL-16,FL,Florida,16,638769,552361,86.5,52433,8.2,10649,1.7,0,0.0,0,0.0,10954,1.7,10038,1.6,74228,11.6,493256,77.2
104,FL-17,FL,Florida,17,615104,552198,89.8,39303,6.4,5455,0.9,0,0.0,0,0.0,9332,1.5,7256,1.2,69215,11.3,494198,80.3
105,FL-18,FL,Florida,18,599873,493892,82.3,70096,11.7,10417,1.7,0,0.0,0,0.0,10979,1.8,14063,2.3,75180,12.5,434724,72.5
106,FL-19,FL,Florida,19,631233,560813,88.8,40700,6.4,10868,1.7,0,0.0,0,0.0,11983,1.9,5755,0.9,82220,13.0,493017,78.1
107,FL-20,FL,Florida,20,507613,194989,38.4,267487,52.7,16424,3.2,0,0.0,0,0.0,13700,2.7,13644,2.7,112325,22.1,106176,20.9
108,FL-21,FL,Florida,21,546101,442544,81.0,70166,12.8,14383,2.6,0,0.0,0,0.0,7997,1.5,9671,1.8,92844,17.0,362151,66.3
109,FL-22,FL,Florida,22,534846,424475,79.4,73958,13.8,12221,2.3,0,0.0,0,0.0,12100,2.3,10285,1.9,90007,16.8,350850,65.6
110,FL-23,FL,Florida,23,510212,376188,73.7,69090,13.5,22271,4.4,0,0.0,0,0.0,23434,4.6,15871,3.1,183434,36.0,227022,44.5
111,FL-24,FL,Florida,24,477697,198070,41.5,237909,49.8,6483,1.4,0,0.0,0,0.0,26447,5.5,8322,1.7,178950,37.5,58894,12.3
112,FL-25,FL,Florida,25,453055,407167,89.9,25858,5.7,4428,1.0,0,0.0,0,0.0,9990,2.2,4862,1.1,308446,68.1,116776,25.8
113,FL-26,FL,Florida,26,476033,380877,80.0,54631,11.5,7742,1.6,0,0.0,0,0.0,21939,4.6,7931,1.7,321023,67.4,91978,19.3
114,FL-27,FL,Florida,27,464604,405950,87.4,26293,5.7,9428,2.0,0,0.0,0,0.0,15750,3.4,6918,1.5,316284,68.1,113859,24.5
115,GA-1,GA,Georgia,1,550713,360901,65.5,162854,29.6,5574,1.0,0,0.0,0,0.0,5324,1.0,14172,2.6,23879,4.3,347055,63.0
116,GA-2,GA,Georgia,2,498322,223803,44.9,254868,51.1,4892,1.0,0,0.0,0,0.0,5125,1.0,7955,1.6,15046,3.0,217005,43.5
117,GA-3,GA,Georgia,3,548941,385375,70.2,139499,25.4,7484,1.4,0,0.0,0,0.0,6806,1.2,7837,1.4,21966,4.0,372018,67.8
118,GA-4,GA,Georgia,4,527938,157491,29.8,337809,64.0,16867,3.2,0,0.0,0,0.0,7049,1.3,8048,1.5,22637,4.3,146089,27.7
119,GA-5,GA,Georgia,5,587385,200392,34.1,348231,59.3,15960,2.7,0,0.0,0,0.0,7847,1.3,13397,2.3,22830,3.9,187309,31.9
120,GA-6,GA,Georgia,6,496468,366714,73.9,68087,13.7,43350,8.7,3345,0.7,0,0.0,4973,1.0,9663,1.9,28564,5.8,346894,69.9
121,GA-7,GA,Georgia,7,486845,294388,60.5,107049,22.0,55935,11.5,0,0.0,0,0.0,15465,3.2,11137,2.3,52988,10.9,261236,53.7
122,GA-8,GA,Georgia,8,527338,340231,64.5,166078,31.5,7188,1.4,0,0.0,0,0.0,4882,0.9,6963,1.3,17792,3.4,330423,62.7
123,GA-9,GA,Georgia,9,556967,498528,89.5,36889,6.6,4721,0.8,0,0.0,0,0.0,6713,1.2,9132,1.6,32477,5.8,473612,85.0
124,GA-10,GA,Georgia,10,565803,395688,69.9,144717,25.6,9737,1.7,0,0.0,0,0.0,5767,1.0,8866,1.6,18640,3.3,383243,67.7
125,GA-11,GA,Georgia,11,559687,427917,76.5,92086,16.5,15665,2.8,0,0.0,0,0.0,9017,1.6,13161,2.4,34432,6.2,405549,72.5
126,GA-12,GA,Georgia,12,540482,326120,60.3,187815,34.7,7116,1.3,0,0.0,0,0.0,7063,1.3,11619,2.1,23019,4.3,313309,58.0
127,GA-13,GA,Georgia,13,523476,161110,30.8,323677,61.8,11623,2.2,0,0.0,0,0.0,13914,2.7,12495,2.4,33506,6.4,144641,27.6
128,GA-14,GA,Georgia,14,516434,451500,87.4,49867,9.7,0,0.0,0,0.0,0,0.0,2401,0.5,8668,1.7,27224,5.3,427598,82.8
129,HI-1,HI,Hawaii,1,509992,100905,19.8,13731,2.7,259843,51.0,0,0.0,29853,5.9,0,0.0,100095,19.6,41023,8.0,90409,17.7
130,HI-2,HI,Hawaii,2,506514,183246,36.2,9689,1.9,131542,26.0,0,0.0,61480,12.1,6185,1.2,112582,22.2,47808,9.4,167099,33.0
131,ID-1,ID,Idaho,1,661724,609100,92.0,0,0.0,8316,1.3,9659,1.5,0,0.0,13001,2.0,16656,2.5,45043,6.8,582075,88.0
132,ID-2,ID,Idaho,2,590690,548624,92.9,0,0.0,7651,1.3,6653,1.1,0,0.0,10710,1.8,13900,2.4,54863,9.3,508999,86.2
133,IL-1,IL,Illinois,1,524114,224647,42.9,274362,52.3,8218,1.6,0,0.0,0,0.0,9689,1.8,6902,1.3,38099,7.3,197642,37.7
134,IL-2,IL,Illinois,2,497132,184077,37.0,286699,57.7,3837,0.8,0,0.0,0,0.0,13687,2.8,8271,1.7,47560,9.6,152127,30.6
135,IL-3,IL,Illinois,3,479004,388095,81.0,28953,6.0,18100,3.8,0,0.0,0,0.0,33685,7.0,8549,1.8,119520,25.0,307829,64.3
136,IL-4,IL,Illinois,4,410804,263899,64.2,21445,5.2,15798,3.8,0,0.0,0,0.0,94954,23.1,11535,2.8,235867,57.4,136168,33.1
137,IL-5,IL,Illinois,5,545831,451514,82.7,17468,3.2,40455,7.4,0,0.0,0,0.0,21802,4.0,13489,2.5,85662,15.7,392080,71.8
138,IL-6,IL,Illinois,6,523796,453389,86.6,13529,2.6,40400,7.7,0,0.0,0,0.0,8646,1.7,7143,1.4,36875,7.0,426440,81.4
139,IL-7,IL,Illinois,7,522767,204321,39.1,255621,48.9,30224,5.8,0,0.0,0,0.0,22351,4.3,9244,1.8,61198,11.7,168814,32.3
140,IL-8,IL,Illinois,8,442009,319860,72.4,24958,5.6,52467,11.9,2941,0.7,0,0.0,31933,7.2,8978,2.0,83841,19.0,272278,61.6
141,IL-9,IL,Illinois,9,498242,378283,75.9,40709,8.2,53819,10.8,0,0.0,0,0.0,9728,2.0,13558,2.7,40177,8.1,350915,70.4
142,IL-10,IL,Illinois,10,468255,359174,76.7,32093,6.9,40923,8.7,0,0.0,0,0.0,23646,5.0,9998,2.1,69857,14.9,317181,67.7
143,IL-11,IL,Illinois,11,472244,350208,74.2,56989,12.1,28548,6.0,0,0.0,0,0.0,21801,4.6,12108,2.6,90099,19.1,285959,60.6
144,IL-12,IL,Illinois,12,528398,425034,80.4,87619,16.6,4299,0.8,0,0.0,0,0.0,2915,0.6,7612,1.4,11072,2.1,417471,79.0
145,IL-13,IL,Illinois,13,539012,457815,84.9,55609,10.3,12809,2.4,0,0.0,0,0.0,3085,0.6,9002,1.7,13293,2.5,447847,83.1
146,IL-14,IL,Illinois,14,525729,472453,89.9,19037,3.6,18027,3.4,0,0.0,0,0.0,7266,1.4,7879,1.5,47421,9.0,436299,83.0
147,IL-15,IL,Illinois,15,532371,498724,93.7,23257,4.4,2379,0.4,0,0.0,0,0.0,0,0.0,5060,1.0,8780,1.6,492449,92.5
148,IL-16,IL,Illinois,16,520730,481303,92.4,18598,3.6,4825,0.9,0,0.0,0,0.0,6132,1.2,8970,1.7,34243,6.6,455096,87.4
149,IL-17,IL,Illinois,17,512994,436689,85.1,56123,10.9,3645,0.7,0,0.0,0,0.0,5888,1.1,9162,1.8,30558,6.0,414483,80.8
150,IL-18,IL,Illinois,18,531334,492886,92.8,20368,3.8,7649,1.4,0,0.0,0,0.0,1979,0.4,7367,1.4,10712,2.0,484911,91.3
151,IN-1,IN,Indiana,1,537218,388801,72.4,95275,17.7,5621,1.0,0,0.0,0,0.0,32900,6.1,12837,2.4,68346,12.7,359444,66.9
152,IN-2,IN,Indiana,2,522778,464810,88.9,34112,6.5,4240,0.8,0,0.0,0,0.0,8190,1.6,10664,2.0,30045,5.7,444280,85.0
153,IN-3,IN,Indiana,3,540022,485809,90.0,31233,5.8,7902,1.5,0,0.0,0,0.0,4083,0.8,8785,1.6,19057,3.5,471761,87.4
154,IN-4,IN,Indiana,4,567094,519827,91.7,22611,4.0,9335,1.6,0,0.0,0,0.0,6323,1.1,8502,1.5,19357,3.4,507113,89.4
155,IN-5,IN,Indiana,5,573500,495800,86.5,49657,8.7,13525,2.4,0,0.0,0,0.0,3287,0.6,10171,1.8,16793,2.9,482778,84.2
156,IN-6,IN,Indiana,6,549035,521923,95.1,15390,2.8,3001,0.5,0,0.0,0,0.0,1555,0.3,7017,1.3,7943,1.4,516121,94.0
157,IN-7,IN,Indiana,7,521076,334915,64.3,153947,29.5,9284,1.8,0,0.0,0,0.0,8171,1.6,13654,2.6,27661,5.3,317307,60.9
158,IN-8,IN,Indiana,8,549149,513979,93.6,24085,4.4,2922,0.5,0,0.0,0,0.0,0,0.0,6394,1.2,6219,1.1,509455,92.8
159,IN-9,IN,Indiana,9,575308,537099,93.4,17405,3.0,9208,1.6,0,0.0,0,0.0,2439,0.4,9017,1.6,10686,1.9,529111,92.0
160,IA-1,IA,Iowa,1,580187,544059,93.8,18913,3.3,5771,1.0,2913,0.5,0,0.0,2226,0.4,6003,1.0,12775,2.2,534607,92.1
161,IA-2,IA,Iowa,2,581525,543484,93.5,16740,2.9,8292,1.4,0,0.0,0,0.0,3287,0.6,7926,1.4,22758,3.9,525125,90.3
162,IA-3,IA,Iowa,3,601044,557742,92.8,18169,3.0,10725,1.8,0,0.0,0,0.0,3156,0.5,9832,1.6,24306,4.0,537428,89.4
163,IA-4,IA,Iowa,4,564463,538737,95.4,7067,1.3,6745,1.2,0,0.0,0,0.0,2747,0.5,6482,1.1,23431,4.2,519370,92.0
164,KS-1,KS,Kansas,1,502712,459774,91.5,16454,3.3,5479,1.1,0,0.0,0,0.0,7033,1.4,11137,2.2,49522,9.9,421084,83.8
165,KS-2,KS,Kansas,2,538594,479401,89.0,25593,4.8,4770,0.9,9172,1.7,0,0.0,3888,0.7,16061,3.0,25560,4.7,462082,85.8
166,KS-3,KS,Kansas,3,534532,453444,84.8,43636,8.2,17327,3.2,0,0.0,0,0.0,5759,1.1,12194,2.3,33071,6.2,429303,80.3
167,KS-4,KS,Kansas,4,515676,437657,84.9,35546,6.9,11977,2.3,6166,1.2,0,0.0,10061,2.0,14743,2.9,38949,7.6,412175,79.9
168,KY-1,KY,Kentucky,1,552530,500034,90.5,38384,6.9,2432,0.4,0,0.0,0,0.0,0,0.0,8582,1.6,10548,1.9,492760,89.2
169,KY-2,KY,Kentucky,2,577362,530370,91.9,28032,4.9,4163,0.7,0,0.0,0,0.0,2796,0.5,9872,1.7,10258,1.8,524442,90.8
170,KY-3,KY,Kentucky,3,553926,410943,74.2,117485,21.2,10669,1.9,0,0.0,0,0.0,3796,0.7,9967,1.8,13047,2.4,401441,72.5
171,KY-4,KY,Kentucky,4,565232,532650,94.2,19105,3.4,3944,0.7,0,0.0,0,0.0,1600,0.3,7153,1.3,9796,1.7,525001,92.9
172,KY-5,KY,Kentucky,5,537877,525043,97.6,7435,1.4,0,0.0,0,0.0,0,0.0,0,0.0,0,0.0,2761,0.5,523013,97.2
173,KY-6,KY,Kentucky,6,581992,510833,87.8,50296,8.6,6486,1.1,0,0.0,0,0.0,2552,0.4,11851,2.0,9886,1.7,504284,86.6
174,LA-1,LA,Louisiana,1,594231,481558,81.0,83543,14.1,10143,1.7,7301,1.2,0,0.0,4112,0.7,7990,1.3,32247,5.4,456106,76.8
175,LA-2,LA,Louisiana,2,587115,196226,33.4,365548,62.3,9691,1.7,0,0.0,0,0.0,5976,1.0,8638,1.5,20855,3.6,183058,31.2
176,LA-3,LA,Louisiana,3,577604,420921,72.9,140311,24.3,4398,0.8,0,0.0,0,0.0,2350,0.4,8333,1.4,14482,2.5,409305,70.9
177,LA-4,LA,Louisiana,4,559310,349404,62.5,188481,33.7,4016,0.7,0,0.0,0,0.0,4193,0.7,9015,1.6,15146,2.7,340455,60.9
178,LA-5,LA,Louisiana,5,555804,351763,63.3,191610,34.5,2581,0.5,0,0.0,0,0.0,2772,0.5,5996,1.1,8930,1.6,345989,62.3
179,LA-6,LA,Louisiana,6,585015,427098,73.0,135054,23.1,7651,1.3,0,0.0,0,0.0,2631,0.4,9963,1.7,13388,2.3,417345,71.3
180,ME-1,ME,Maine,1,546625,523065,95.7,4832,0.9,6318,1.2,0,0.0,0,0.0,0,0.0,9504,1.7,9152,1.7,516350,94.5
181,ME-2,ME,Maine,2,524036,504203,96.2,3444,0.7,2111,0.4,4657,0.9,0,0.0,0,0.0,9244,1.8,5918,1.1,500004,95.4
182,MD-1,MD,Maryland,1,567926,479256,84.4,67759,11.9,8288,1.5,0,0.0,0,0.0,2982,0.5,8731,1.5,13559,2.4,470557,82.9
183,MD-2,MD,Maryland,2,560167,323003,57.7,188784,33.7,24835,4.4,0,0.0,0,0.0,6579,1.2,15272,2.7,24317,4.3,309612,55.3
184,MD-3,MD,Maryland,3,545892,369823,67.7,118047,21.6,34330,6.3,0,0.0,0,0.0,8064,1.5,13885,2.5,28000,5.1,354564,65.0
185,MD-4,MD,Maryland,4,503398,156560,31.1,294846,58.6,13788,2.7,0,0.0,0,0.0,23279,4.6,14139,2.8,38317,7.6,145950,29.0
186,MD-5,MD,Maryland,5,556897,280604,50.4,223875,40.2,21240,3.8,0,0.0,0,0.0,12694,2.3,16235,2.9,29866,5.4,267368,48.0
187,MD-6,MD,Maryland,6,523698,379330,72.4,70654,13.5,46840,8.9,0,0.0,0,0.0,10979,2.1,13954,2.7,43603,8.3,351139,67.0
188,MD-7,MD,Maryland,7,528398,199610,37.8,283515,53.7,26141,4.9,0,0.0,0,0.0,3712,0.7,13432,2.5,14254,2.7,191424,36.2
189,MD-8,MD,Maryland,8,533774,380121,71.2,66901,12.5,43419,8.1,0,0.0,0,0.0,24354,4.6,17589,3.3,54337,10.2,354289,66.4
190,MA-1,MA,Massachusetts,1,568024,499193,87.9,34587,6.1,8899,1.6,0,0.0,0,0.0,14892,2.6,8920,1.6,89732,15.8,430962,75.9
191,MA-2,MA,Massachusetts,2,558962,492821,88.2,21037,3.8,22444,4.0,0,0.0,0,0.0,9865,1.8,11041,2.0,45931,8.2,460130,82.3
192,MA-3,MA,Massachusetts,3,543580,434252,79.9,21573,4.0,32981,6.1,0,0.0,0,0.0,41121,7.6,11848,2.2,79786,14.7,401996,74.0
193,MA-4,MA,Massachusetts,4,559943,500494,89.4,14662,2.6,26307,4.7,0,0.0,0,0.0,8756,1.6,8668,1.5,21613,3.9,486415,86.9
194,MA-5,MA,Massachusetts,5,535109,441170,82.4,25571,4.8,44109,8.2,0,0.0,0,0.0,9309,1.7,14385,2.7,37051,6.9,417609,78.0
195,MA-6,MA,Massachusetts,6,577241,514726,89.2,20886,3.6,20960,3.6,0,0.0,0,0.0,10401,1.8,8878,1.5,37241,6.5,492977,85.4
196,MA-7,MA,Massachusetts,7,558430,322232,57.7,133572,23.9,48466,8.7,0,0.0,0,0.0,29098,5.2,22095,4.0,86346,15.5,281804,50.5
197,MA-8,MA,Massachusetts,8,561241,451130,80.4,51412,9.2,34006,6.1,0,0.0,0,0.0,12980,2.3,10407,1.9,25380,4.5,437245,77.9
198,MA-9,MA,Massachusetts,9,573274,520971,90.9,14079,2.5,6223,1.1,0,0.0,0,0.0,20564,3.6,9796,1.7,25238,4.4,511335,89.2
199,MI-1,MI,Michigan,1,564858,526005,93.1,8008,1.4,2318,0.4,13991,2.5,0,0.0,0,0.0,12946,2.3,7068,1.3,521391,92.3
200,MI-2,MI,Michigan,2,551323,483612,87.7,31227,5.7,10108,1.8,4143,0.8,0,0.0,12026,2.2,10915,2.0,36598,6.6,462160,83.8
201,MI-3,MI,Michigan,3,551028,481704,87.4,41431,7.5,6985,1.3,0,0.0,0,0.0,5726,1.0,13090,2.4,26456,4.8,464680,84.3
202,MI-4,MI,Michigan,4,554938,526676,94.9,10988,2.0,3224,0.6,0,0.0,0,0.0,0,0.0,7859,1.4,15030,2.7,515278,92.9
203,MI-5,MI,Michigan,5,520558,415581,79.8,86291,16.6,3630,0.7,0,0.0,0,0.0,0,0.0,11210,2.2,20993,4.0,399720,76.8
204,MI-6,MI,Michigan,6,541981,473725,87.4,41084,7.6,5902,1.1,0,0.0,0,0.0,3935,0.7,15409,2.8,20545,3.8,459777,84.8
205,MI-7,MI,Michigan,7,548462,506913,92.4,21043,3.8,4514,0.8,0,0.0,0,0.0,3757,0.7,10629,1.9,18784,3.4,492488,89.8
206,MI-8,MI,Michigan,8,554462,491959,88.7,30808,5.6,15727,2.8,0,0.0,0,0.0,3539,0.6,11053,2.0,23746,4.3,474565,85.6
207,MI-9,MI,Michigan,9,552114,447958,81.1,74602,13.5,16366,3.0,0,0.0,0,0.0,0,0.0,9518,1.7,11679,2.1,438566,79.4
208,MI-10,MI,Michigan,10,553804,516738,93.3,17298,3.1,8270,1.5,0,0.0,0,0.0,0,0.0,7652,1.4,13094,2.4,506372,91.4
209,MI-11,MI,Michigan,11,534817,456915,85.4,28362,5.3,36706,6.9,0,0.0,0,0.0,1984,0.4,9763,1.8,10805,2.0,447997,83.8
210,MI-12,MI,Michigan,12,526943,427794,81.2,57547,10.9,20590,3.9,0,0.0,0,0.0,5506,1.0,13673,2.6,25373,4.8,408989,77.6
211,MI-13,MI,Michigan,13,474739,189735,40.0,263216,55.4,4158,0.9,0,0.0,0,0.0,7211,1.5,8375,1.8,20615,4.3,178151,37.5
212,MI-14,MI,Michigan,14,512851,184289,35.9,296868,57.9,15811,3.1,0,0.0,0,0.0,3012,0.6,11358,2.2,14057,2.7,173468,33.8
213,MN-1,MN,Minnesota,1,500330,468265,93.6,10688,2.1,9395,1.9,0,0.0,0,0.0,4704,0.9,5515,1.1,17539,3.5,456613,91.3
214,MN-2,MN,Minnesota,2,511914,456311,89.1,19080,3.7,19304,3.8,0,0.0,0,0.0,5480,1.1,9119,1.8,19926,3.9,443431,86.6
215,MN-3,MN,Minnesota,3,517834,444126,85.8,30981,6.0,28398,5.5,0,0.0,0,0.0,3228,0.6,10119,2.0,11512,2.2,436516,84.3
216,MN-4,MN,Minnesota,4,510862,397340,77.8,42928,8.4,46885,9.2,0,0.0,0,0.0,6263,1.2,13954,2.7,21515,4.2,384868,75.3
217,MN-5,MN,Minnesota,5,517155,395730,76.5,68758,13.3,21618,4.2,6451,1.2,0,0.0,7921,1.5,16732,3.2,21973,4.2,384238,74.3
218,MN-6,MN,Minnesota,6,525551,490648,93.4,11041,2.1,10362,2.0,0,0.0,0,0.0,3251,0.6,8516,1.6,12087,2.3,482683,91.8
219,MN-7,MN,Minnesota,7,495727,464118,93.6,5225,1.1,2580,0.5,11787,2.4,0,0.0,4601,0.9,7435,1.5,13527,2.7,456881,92.2
220,MN-8,MN,Minnesota,8,527541,496067,94.0,5830,1.1,3378,0.6,12081,2.3,0,0.0,1031,0.2,9265,1.8,6662,1.3,491785,93.2
221,MS-1,MS,Mississippi,1,577880,402803,69.7,160869,27.8,2353,0.4,0,0.0,0,0.0,3551,0.6,6912,1.2,9613,1.7,397756,68.8
222,MS-2,MS,Mississippi,2,523479,177092,33.8,340371,65.0,0,0.0,0,0.0,0,0.0,0,0.0,0,0.0,5263,1.0,174095,33.3
223,MS-3,MS,Mississippi,3,559913,345797,61.8,200767,35.9,3288,0.6,5056,0.9,0,0.0,0,0.0,0,0.0,5431,1.0,342068,61.1
224,MS-4,MS,Mississippi,4,579386,426215,73.6,135118,23.3,6514,1.1,0,0.0,0,0.0,3910,0.7,7129,1.2,15661,2.7,416172,71.8
225,MO-1,MO,Missouri,1,549361,260192,47.4,261201,47.5,10437,1.9,0,0.0,0,0.0,4424,0.8,11462,2.1,11442,2.1,252875,46.0
226,MO-2,MO,Missouri,2,575828,523122,90.8,22595,3.9,20250,3.5,0,0.0,0,0.0,0,0.0,6756,1.2,11665,2.0,514031,89.3
227,MO-3,MO,Missouri,3,602748,567355,94.1,21213,3.5,3000,0.5,0,0.0,0,0.0,0,0.0,8782,1.5,8947,1.5,560137,92.9
228,MO-4,MO,Missouri,4,584925,532568,91.0,25895,4.4,5980,1.0,0,0.0,0,0.0,2765,0.5,13236,2.3,16368,2.8,519509,88.8
229,MO-5,MO,Missouri,5,573775,421069,73.4,120397,21.0,6030,1.1,0,0.0,1284,0.2,9296,1.6,13740,2.4,33905,5.9,398974,69.5
230,MO-6,MO,Missouri,6,583457,535210,91.7,26559,4.6,5525,0.9,0,0.0,0,0.0,2967,0.5,10712,1.8,16447,2.8,523778,89.8
231,MO-7,MO,Missouri,7,595559,554030,93.0,12611,2.1,5598,0.9,0,0.0,0,0.0,3458,0.6,12883,2.2,18291,3.1,541114,90.9
232,MO-8,MO,Missouri,8,567717,528067,93.0,25045,4.4,0,0.0,0,0.0,0,0.0,0,0.0,8143,1.4,6686,1.2,522714,92.1
233,MT-At-large,MT,Montana,At-large,823668,747646,90.8,0,0.0,4509,0.5,43804,5.3,0,0.0,3505,0.4,19621,2.4,24492,3.0,729822,88.6
234,NE-1,NE,Nebraska,1,473676,432846,91.4,11693,2.5,7877,1.7,5246,1.1,0,0.0,4213,0.9,11469,2.4,27352,5.8,412429,87.1
235,NE-2,NE,Nebraska,2,467041,398060,85.2,42207,9.0,8924,1.9,0,0.0,0,0.0,5956,1.3,9518,2.0,30190,6.5,375412,80.4
236,NE-3,NE,Nebraska,3,439543,415335,94.5,4793,1.1,1949,0.4,4072,0.9,0,0.0,6623,1.5,6948,1.6,29497,6.7,394655,89.8
237,NV-1,NV,Nevada,1,418811,240100,57.3,61200,14.6,35413,8.5,6037,1.4,0,0.0,55335,13.2,17732,4.2,125193,29.9,179068,42.8
238,NV-2,NV,Nevada,2,531489,440975,83.0,11815,2.2,19573,3.7,13474,2.5,0,0.0,29893,5.6,13627,2.6,82341,15.5,394263,74.2
239,NV-3,NV,Nevada,3,607915,413307,68.0,51247,8.4,77180,12.7,0,0.0,0,0.0,33388,5.5,26261,4.3,92471,15.2,360201,59.3
240,NV-4,NV,Nevada,4,516951,337862,65.4,78071,15.1,32696,6.3,7291,1.4,0,0.0,36795,7.1,20134,3.9,112161,21.7,271379,52.5
241,NH-1,NH,New Hampshire,1,540224,510514,94.5,8240,1.5,8736,1.6,0,0.0,0,0.0,0,0.0,8689,1.6,13975,2.6,500722,92.7
242,NH-2,NH,New Hampshire,2,529588,502531,94.9,6668,1.3,8458,1.6,0,0.0,0,0.0,2377,0.4,7885,1.5,17289,3.3,489481,92.4
243,NJ-1,NJ,New Jersey,1,542034,384778,71.0,94492,17.4,25320,4.7,0,0.0,0,0.0,25639,4.7,11236,2.1,57115,10.5,361446,66.7
244,NJ-2,NJ,New Jersey,2,531339,417570,78.6,64200,12.1,17255,3.2,0,0.0,0,0.0,19140,3.6,11119,2.1,59922,11.3,382079,71.9
245,NJ-3,NJ,New Jersey,3,570276,470331,82.5,62569,11.0,16440,2.9,0,0.0,0,0.0,7935,1.4,11905,2.1,36899,6.5,445649,78.1
246,NJ-4,NJ,New Jersey,4,539643,472751,87.6,32469,6.0,23529,4.4,0,0.0,0,0.0,5888,1.1,4677,0.9,40667,7.5,439223,81.4
247,NJ-5,NJ,New Jersey,5,527932,436719,82.7,27896,5.3,44427,8.4,0,0.0,0,0.0,6318,1.2,11156,2.1,58275,11.0,389518,73.8
248,NJ-6,NJ,New Jersey,6,502463,344954,68.7,59427,11.8,65641,13.1,0,0.0,0,0.0,17983,3.6,11963,2.4,97590,19.4,271555,54.0
249,NJ-7,NJ,New Jersey,7,527076,435194,82.6,27632,5.2,45740,8.7,0,0.0,0,0.0,9733,1.8,7894,1.5,49423,9.4,399594,75.8
250,NJ-8,NJ,New Jersey,8,425604,256512,60.3,49683,11.7,31256,7.3,0,0.0,0,0.0,69813,16.4,16495,3.9,206013,48.4,139594,32.8
251,NJ-9,NJ,New Jersey,9,481499,311111,64.6,50941,10.6,54218,11.3,0,0.0,0,0.0,53404,11.1,10446,2.2,153807,31.9,219280,45.5
252,NJ-10,NJ,New Jersey,10,496051,157432,31.7,265501,53.5,28602,5.8,0,0.0,0,0.0,34692,7.0,8905,1.8,82975,16.7,113784,22.9
253,NJ-11,NJ,New Jersey,11,548734,467549,85.2,21897,4.0,43139,7.9,0,0.0,0,0.0,6978,1.3,8350,1.5,54585,9.9,423558,77.2
254,NJ-12,NJ,New Jersey,12,505683,319979,63.3,97561,19.3,61677,12.2,0,0.0,0,0.0,14042,2.8,10815,2.1,59774,11.8,281355,55.6
255,NM-1,NM,New Mexico,1,514775,417352,81.1,15860,3.1,11369,2.2,22993,4.5,0,0.0,30972,6.0,17324,3.4,227966,44.3,233565,45.4
256,NM-2,NM,New Mexico,2,484702,410561,84.7,13404,2.8,3104,0.6,27930,5.8,0,0.0,21768,4.5,8709,1.8,234915,48.5,204305,42.2
257,NM-3,NM,New Mexico,3,507907,347776,68.5,7966,1.6,5215,1.0,93824,18.5,0,0.0,41017,8.1,11024,2.2,184798,36.4,213905,42.1
258,NY-1,NY,New York,1,530436,469195,88.5,29343,5.5,18748,3.5,0,0.0,0,0.0,5522,1.0,6247,1.2,55664,10.5,421406,79.4
259,NY-2,NY,New York,2,515987,421557,81.7,47721,9.2,13120,2.5,0,0.0,0,0.0,20918,4.1,10552,2.0,87360,16.9,360821,69.9
260,NY-3,NY,New York,3,521235,408617,78.4,17405,3.3,74896,14.4,0,0.0,0,0.0,12848,2.5,7092,1.4,42108,8.1,380673,73.0
261,NY-4,NY,New York,4,506457,350417,69.2,81188,16.0,32489,6.4,2228,0.4,0,0.0,29611,5.8,10130,2.0,73896,14.6,313427,61.9
262,NY-5,NY,New York,5,501784,95312,19.0,269186,53.6,63666,12.7,0,0.0,0,0.0,54170,10.8,16620,3.3,74850,14.9,68351,13.6
263,NY-6,NY,New York,6,448065,228818,51.1,22546,5.0,147288,32.9,0,0.0,0,0.0,32697,7.3,13803,3.1,84837,18.9,183511,41.0
264,NY-7,NY,New York,7,446196,242486,54.3,54545,12.2,63755,14.3,0,0.0,0,0.0,61784,13.8,20857,4.7,162390,36.4,163314,36.6
265,NY-8,NY,New York,8,540660,182080,33.7,277437,51.3,31107,5.8,0,0.0,0,0.0,32944,6.1,16097,3.0,83725,15.5,149722,27.7
266,NY-9,NY,New York,9,486880,184024,37.8,233493,48.0,35330,7.3,0,0.0,0,0.0,19299,4.0,13728,2.8,49463,10.2,165596,34.0
267,NY-10,NY,New York,10,473542,350656,74.0,19480,4.1,75831,16.0,0,0.0,0,0.0,12426,2.6,13710,2.9,51569,10.9,318583,67.3
268,NY-11,NY,New York,11,500998,368224,73.5,38364,7.7,65850,13.1,0,0.0,0,0.0,19320,3.9,8354,1.7,75157,15.0,319638,63.8
269,NY-12,NY,New York,12,530252,405117,76.4,28927,5.5,61225,11.5,0,0.0,0,0.0,19638,3.7,13580,2.6,59475,11.2,369801,69.7
270,NY-13,NY,New York,13,505003,143641,28.4,167679,33.2,19387,3.8,0,0.0,0,0.0,137339,27.2,29826,5.9,245898,48.7,86581,17.1
271,NY-14,NY,New York,14,392398,187370,47.7,58500,14.9,59258,15.1,2015,0.5,0,0.0,71750,18.3,13505,3.4,162309,41.4,115010,29.3
272,NY-15,NY,New York,15,410819,79708,19.4,166569,40.5,8258,2.0,4016,1.0,0,0.0,133968,32.6,17008,4.1,250878,61.1,14264,3.5
273,NY-16,NY,New York,16,498243,249916,50.2,161995,32.5,23001,4.6,0,0.0,0,0.0,47451,9.5,14310,2.9,111353,22.3,202591,40.7
274,NY-17,NY,New York,17,502861,373395,74.3,55706,11.1,30787,6.1,0,0.0,0,0.0,32269,6.4,9914,2.0,78084,15.5,334031,66.4
275,NY-18,NY,New York,18,524373,421348,80.4,52016,9.9,12453,2.4,0,0.0,0,0.0,25176,4.8,12195,2.3,69835,13.3,384776,73.4
276,NY-19,NY,New York,19,553713,499819,90.3,28573,5.2,5960,1.1,0,0.0,0,0.0,7513,1.4,10473,1.9,31643,5.7,479384,86.6
277,NY-20,NY,New York,20,557251,463732,83.2,48962,8.8,17189,3.1,0,0.0,0,0.0,9090,1.6,15050,2.7,32170,5.8,447852,80.4
278,NY-21,NY,New York,21,551303,510069,92.5,18316,3.3,5149,0.9,0,0.0,0,0.0,6012,1.1,7425,1.3,15403,2.8,502575,91.2
279,NY-22,NY,New York,22,539437,495348,91.8,21123,3.9,9748,1.8,0,0.0,0,0.0,4461,0.8,7574,1.4,15948,3.0,486757,90.2
280,NY-23,NY,New York,23,544564,500861,92.0,15759,2.9,8850,1.6,3285,0.6,0,0.0,7985,1.5,7628,1.4,18167,3.3,492224,90.4
281,NY-24,NY,New York,24,539797,474013,87.8,41560,7.7,9619,1.8,0,0.0,0,0.0,3618,0.7,8527,1.6,19512,3.6,462060,85.6
282,NY-25,NY,New York,25,543698,431515,79.4,78070,14.4,12161,2.2,0,0.0,0,0.0,9689,1.8,9827,1.8,39989,7.4,406885,74.8
283,NY-26,NY,New York,26,539694,407858,75.6,92005,17.0,12470,2.3,0,0.0,0,0.0,13261,2.5,11702,2.2,30730,5.7,395376,73.3
284,NY-27,NY,New York,27,564383,534723,94.7,13687,2.4,4589,0.8,0,0.0,0,0.0,3707,0.7,5114,0.9,10931,1.9,528120,93.6
285,NC-1,NC,North Carolina,1,566173,280421,49.5,254956,45.0,7907,1.4,4967,0.9,0,0.0,7051,1.2,10620,1.9,19273,3.4,270264,47.7
286,NC-2,NC,North Carolina,2,601142,444665,74.0,119621,19.9,9392,1.6,0,0.0,0,0.0,9924,1.7,14159,2.4,30892,5.1,426822,71.0
287,NC-3,NC,North Carolina,3,579504,434029,74.9,118178,20.4,5943,1.0,0,0.0,0,0.0,5875,1.0,13032,2.2,32821,5.7,411242,71.0
288,NC-4,NC,North Carolina,4,624834,411527,65.9,146679,23.5,35825,5.7,0,0.0,0,0.0,10929,1.7,17827,2.9,33104,5.3,393780,63.0
289,NC-5,NC,North Carolina,5,572721,466868,81.5,85452,14.9,4699,0.8,0,0.0,0,0.0,5021,0.9,7024,1.2,19976,3.5,452028,78.9
290,NC-6,NC,North Carolina,6,567392,424602,74.8,119618,21.1,6507,1.1,0,0.0,0,0.0,5973,1.1,9115,1.6,20646,3.6,410991,72.4
291,NC-7,NC,North Carolina,7,613510,469998,76.6,118488,19.3,5780,0.9,0,0.0,0,0.0,5532,0.9,9136,1.5,23421,3.8,453215,73.9
292,NC-8,NC,North Carolina,8,581896,403599,69.4,135482,23.3,10986,1.9,6373,1.1,0,0.0,9366,1.6,15169,2.6,39927,6.9,376894,64.8
293,NC-9,NC,North Carolina,9,561804,372678,66.3,114021,20.3,12784,2.3,46404,8.3,0,0.0,5792,1.0,10192,1.8,22046,3.9,360064,64.1
294,NC-10,NC,North Carolina,10,585102,490630,83.9,72610,12.4,7352,1.3,0,0.0,0,0.0,4876,0.8,8227,1.4,18328,3.1,477282,81.6
295,NC-11,NC,North Carolina,11,604505,558971,92.5,19383,3.2,5123,0.8,8500,1.4,0,0.0,4014,0.7,8761,1.4,17019,2.8,547147,90.5
296,NC-12,NC,North Carolina,12,591843,300205,50.7,241622,40.8,18524,3.1,0,0.0,0,0.0,15765,2.7,13675,2.3,39878,6.7,281602,47.6
297,NC-13,NC,North Carolina,13,579274,418093,72.2,128571,22.2,11668,2.0,0,0.0,0,0.0,5810,1.0,12172,2.1,20610,3.6,405021,69.9
298,ND-At-large,ND,North Dakota,At-large,567351,507582,89.5,13529,2.4,3741,0.7,26810,4.7,0,0.0,0,0.0,9794,1.7,16825,3.0,497987,87.8
299,OH-1,OH,Ohio,1,541695,408101,75.3,110142,20.3,9566,1.8,0,0.0,0,0.0,1488,0.3,11816,2.2,9240,1.7,401223,74.1
300,OH-2,OH,Ohio,2,557971,491315,88.1,49326,8.8,5822,1.0,0,0.0,0,0.0,0,0.0,8794,1.6,6748,1.2,486127,87.1
301,OH-3,OH,Ohio,3,560963,340692,60.7,176124,31.4,16451,2.9,0,0.0,0,0.0,8231,1.5,17728,3.2,20280,3.6,330269,58.9
302,OH-4,OH,Ohio,4,542874,497072,91.6,29506,5.4,3577,0.7,0,0.0,0,0.0,0,0.0,7578,1.4,17159,3.2,484081,89.2
303,OH-5,OH,Ohio,5,549171,510516,93.0,16042,2.9,4916,0.9,0,0.0,0,0.0,7476,1.4,9328,1.7,22718,4.1,497742,90.6
304,OH-6,OH,Ohio,6,545803,522541,95.7,11949,2.2,0,0.0,0,0.0,0,0.0,0,0.0,6885,1.3,4139,0.8,519628,95.2
305,OH-7,OH,Ohio,7,557024,524020,94.1,19576,3.5,2541,0.5,0,0.0,0,0.0,0,0.0,8307,1.5,7516,1.3,517963,93.0
306,OH-8,OH,Ohio,8,546406,495127,90.6,31555,5.8,7559,1.4,0,0.0,0,0.0,2046,0.4,9717,1.8,9288,1.7,488253,89.4
307,OH-9,OH,Ohio,9,545749,429379,78.7,80260,14.7,6204,1.1,0,0.0,0,0.0,11416,2.1,15979,2.9,52906,9.7,396171,72.6
308,OH-10,OH,Ohio,10,552514,439582,79.6,87640,15.9,8761,1.6,0,0.0,0,0.0,0,0.0,13259,2.4,10696,1.9,431513,78.1
309,OH-11,OH,Ohio,11,524803,226407,43.1,269913,51.4,8086,1.5,0,0.0,0,0.0,5232,1.0,13329,2.5,17237,3.3,216076,41.2
310,OH-12,OH,Ohio,12,585940,528755,90.2,28752,4.9,13546,2.3,0,0.0,0,0.0,0,0.0,11981,2.0,11415,1.9,520414,88.8
311,OH-13,OH,Ohio,13,559931,477923,85.4,60746,10.8,6651,1.2,0,0.0,0,0.0,0,0.0,10148,1.8,0,0.0,465719,83.2
312,OH-14,OH,Ohio,14,553668,510204,92.1,26638,4.8,8399,1.5,0,0.0,0,0.0,1973,0.4,6981,1.3,11531,2.1,500765,90.4
313,OH-15,OH,Ohio,15,586092,534595,91.2,27259,4.7,10215,1.7,0,0.0,0,0.0,0,0.0,11631,2.0,8845,1.5,528345,90.1
314,OH-16,OH,Ohio,16,553316,518260,93.7,17301,3.1,8248,1.5,0,0.0,0,0.0,1542,0.3,7381,1.3,9945,1.8,510246,92.2
315,OK-1,OK,Oklahoma,1,565812,430528,76.1,47764,8.4,10687,1.9,35350,6.2,0,0.0,6006,1.1,35447,6.3,34808,6.2,403810,71.4
316,OK-2,OK,Oklahoma,2,564213,395157,70.0,19853,3.5,2554,0.5,94348,16.7,537,0.1,4477,0.8,47835,8.5,17417,3.1,386314,68.5
317,OK-3,OK,Oklahoma,3,571661,470884,82.4,24256,4.2,5948,1.0,32025,5.6,0,0.0,11938,2.1,27206,4.8,36389,6.4,450725,78.8
318,OK-4,OK,Oklahoma,4,589702,462131,78.4,38683,6.6,10100,1.7,30259,5.1,0,0.0,11086,1.9,36816,6.2,39832,6.8,437276,74.2
319,OK-5,OK,Oklahoma,5,561277,404896,72.1,74608,13.3,14329,2.6,27296,4.9,0,0.0,11351,2.0,28839,5.1,47050,8.4,371767,66.2
320,OR-1,OR,Oregon,1,606198,513567,84.7,10563,1.7,37244,6.1,0,0.0,0,0.0,13522,2.2,23694,3.9,53395,8.8,479351,79.1
321,OR-2,OR,Oregon,2,619186,570566,92.1,0,0.0,6561,1.1,11251,1.8,0,0.0,7035,1.1,18083,2.9,47200,7.6,535491,86.5
322,OR-3,OR,Oregon,3,627716,517373,82.4,28243,4.5,42605,6.8,0,0.0,0,0.0,5724,0.9,25522,4.1,42055,6.7,486378,77.5
323,OR-4,OR,Oregon,4,638548,577889,90.5,0,0.0,10379,1.6,8751,1.4,0,0.0,12109,1.9,25058,3.9,34726,5.4,558470,87.5
324,OR-5,OR,Oregon,5,606523,534933,88.2,0,0.0,12700,2.1,0,0.0,0,0.0,22572,3.7,22413,3.7,59285,9.8,503966,83.1
325,PA-1,PA,Pennsylvania,1,544860,485517,89.1,18522,3.4,28270,5.2,0,0.0,0,0.0,4568,0.8,7510,1.4,21258,3.9,470789,86.4
326,PA-2,PA,Pennsylvania,2,496510,255993,51.6,131605,26.5,30679,6.2,0,0.0,0,0.0,63238,12.7,12957,2.6,107789,21.7,221042,44.5
327,PA-3,PA,Pennsylvania,3,564612,208667,37.0,307689,54.5,24890,4.4,0,0.0,0,0.0,5295,0.9,16948,3.0,23412,4.1,196371,34.8
328,PA-4,PA,Pennsylvania,4,543723,454586,83.6,52262,9.6,22373,4.1,0,0.0,0,0.0,4705,0.9,9628,1.8,18783,3.5,441795,81.3
329,PA-5,PA,Pennsylvania,5,519983,363487,69.9,118476,22.8,24754,4.8,0,0.0,0,0.0,0,0.0,9032,1.7,17273,3.3,352547,67.8
330,PA-6,PA,Pennsylvania,6,522912,449691,86.0,32287,6.2,14144,2.7,0,0.0,0,0.0,16911,3.2,9541,1.8,53752,10.3,417509,79.8
331,PA-7,PA,Pennsylvania,7,552078,469476,85.0,34943,6.3,13253,2.4,0,0.0,0,0.0,20031,3.6,12391,2.2,80928,14.7,419773,76.0
332,PA-8,PA,Pennsylvania,8,535133,480360,89.8,27511,5.1,7691,1.4,0,0.0,0,0.0,9335,1.7,9552,1.8,44055,8.2,450419,84.2
333,PA-9,PA,Pennsylvania,9,555775,518358,93.3,15716,2.8,5016,0.9,0,0.0,0,0.0,10844,2.0,5481,1.0,28993,5.2,503528,90.6
334,PA-10,PA,Pennsylvania,10,552761,460919,83.4,56947,10.3,13759,2.5,0,0.0,0,0.0,7704,1.4,12505,2.3,33868,6.1,441207,79.8
335,PA-11,PA,Pennsylvania,11,553568,504688,91.2,17933,3.2,8037,1.5,0,0.0,0,0.0,12607,2.3,8659,1.6,37151,6.7,484533,87.5
336,PA-12,PA,Pennsylvania,12,551022,526661,95.6,11901,2.2,4991,0.9,0,0.0,0,0.0,0,0.0,3925,0.7,10742,1.9,519347,94.3
337,PA-13,PA,Pennsylvania,13,545111,516724,94.8,16075,2.9,2209,0.4,0,0.0,0,0.0,1840,0.3,8046,1.5,8760,1.6,511304,93.8
338,PA-14,PA,Pennsylvania,14,551164,523728,95.0,16477,3.0,3505,0.6,0,0.0,0,0.0,0,0.0,6469,1.2,6330,1.1,518637,94.1
339,PA-15,PA,Pennsylvania,15,548615,526103,95.9,0,0.0,2867,0.5,0,0.0,0,0.0,0,0.0,6280,1.1,6687,1.2,522481,95.2
340,PA-16,PA,Pennsylvania,16,539710,501628,92.9,22529,4.2,3902,0.7,0,0.0,0,0.0,0,0.0,7184,1.3,10508,1.9,495236,91.8
341,PA-17,PA,Pennsylvania,17,559285,508180,90.9,31973,5.7,9500,1.7,0,0.0,0,0.0,1400,0.3,8279,1.5,7321,1.3,503418,90.0
342,PA-18,PA,Pennsylvania,18,544390,427121,78.5,90399,16.6,12581,2.3,0,0.0,0,0.0,0,0.0,11048,2.0,9730,1.8,420235,77.2
343,RI-1,RI,Rhode Island,1,395409,323031,81.7,27650,7.0,9436,2.4,0,0.0,0,0.0,22408,5.7,11418,2.9,52719,13.3,293545,74.2
344,RI-2,RI,Rhode Island,2,407668,361968,88.8,16926,4.2,10467,2.6,0,0.0,0,0.0,8404,2.1,7916,1.9,38441,9.4,334255,82.0
345,SC-1,SC,South Carolina,1,613912,466500,76.0,115167,18.8,9064,1.5,0,0.0,0,0.0,10198,1.7,10966,1.8,24809,4.0,452570,73.7
346,SC-2,SC,South Carolina,2,537342,385598,71.8,130527,24.3,7361,1.4,0,0.0,0,0.0,4495,0.8,8285,1.5,20880,3.9,370699,69.0
347,SC-3,SC,South Carolina,3,534772,422270,79.0,99145,18.5,3035,0.6,0,0.0,0,0.0,3722,0.7,5957,1.1,14388,2.7,412561,77.1
348,SC-4,SC,South Carolina,4,533533,405172,75.9,102042,19.1,10346,1.9,0,0.0,0,0.0,4795,0.9,10285,1.9,18153,3.4,393623,73.8
349,SC-5,SC,South Carolina,5,552247,385649,69.8,146617,26.5,5308,1.0,0,0.0,0,0.0,3662,0.7,8765,1.6,14601,2.6,375463,68.0
350,SC-6,SC,South Carolina,6,506843,210650,41.6,276661,54.6,3846,0.8,0,0.0,0,0.0,3026,0.6,10764,2.1,10092,2.0,205293,40.5
351,SC-7,SC,South Carolina,7,571428,403217,70.6,151170,26.5,4767,0.8,0,0.0,0,0.0,3234,0.6,4248,0.7,12571,2.2,394892,69.1
352,SD-At-large,SD,South Dakota,At-large,647089,573199,88.6,7602,1.2,4301,0.7,47766,7.4,0,0.0,2976,0.5,11750,1.8,16770,2.6,562090,86.9
353,TN-1,TN,Tennessee,1,563918,540760,95.9,12046,2.1,0,0.0,0,0.0,0,0.0,1756,0.3,7097,1.3,8717,1.5,534862,94.8
354,TN-2,TN,Tennessee,2,583056,530524,91.0,34866,6.0,6892,1.2,0,0.0,0,0.0,2060,0.4,7260,1.2,12772,2.2,520933,89.3
355,TN-3,TN,Tennessee,3,571456,494474,86.5,58905,10.3,5320,0.9,0,0.0,0,0.0,1619,0.3,9009,1.6,11835,2.1,485077,84.9
356,TN-4,TN,Tennessee,4,590540,509128,86.2,58521,9.9,6539,1.1,0,0.0,0,0.0,4177,0.7,9871,1.7,19562,3.3,494574,83.7
357,TN-5,TN,Tennessee,5,563797,396515,70.3,135489,24.0,12568,2.2,0,0.0,0,0.0,7589,1.3,10001,1.8,20724,3.7,382584,67.9
358,TN-6,TN,Tennessee,6,591603,546480,92.4,27006,4.6,3122,0.5,0,0.0,0,0.0,4599,0.8,8624,1.5,11050,1.9,541137,91.5
359,TN-7,TN,Tennessee,7,578288,494255,85.5,58811,10.2,7939,1.4,0,0.0,0,0.0,0,0.0,9621,1.7,20849,3.6,479302,82.9
360,TN-8,TN,Tennessee,8,525277,411730,78.4,99356,18.9,6453,1.2,0,0.0,0,0.0,838,0.2,5701,1.1,9750,1.9,403854,76.9
361,TN-9,TN,Tennessee,9,507231,143828,28.4,347105,68.4,6463,1.3,0,0.0,0,0.0,2680,0.5,0,0.0,9765,1.9,137622,27.1
362,TX-1,TX,Texas,1,511974,398418,77.8,95185,18.6,5247,1.0,0,0.0,0,0.0,4255,0.8,5901,1.2,50490,9.9,354220,69.2
363,TX-2,TX,Texas,2,520180,374579,72.0,67918,13.1,36469,7.0,0,0.0,0,0.0,28948,5.6,10300,2.0,116957,22.5,291204,56.0
364,TX-3,TX,Texas,3,563318,417000,74.0,62190,11.0,59788,10.6,0,0.0,0,0.0,8533,1.5,12224,2.2,57426,10.2,371559,66.0
365,TX-4,TX,Texas,4,543354,450691,82.9,62889,11.6,4482,0.8,0,0.0,0,0.0,13055,2.4,8982,1.7,48269,8.9,417038,76.8
366,TX-5,TX,Texas,5,480610,370826,77.2,79554,16.6,5214,1.1,0,0.0,0,0.0,13173,2.7,8061,1.7,79549,16.6,307171,63.9
367,TX-6,TX,Texas,6,554709,373722,67.4,119118,21.5,22896,4.1,0,0.0,0,0.0,17934,3.2,16609,3.0,95719,17.3,303004,54.6
368,TX-7,TX,Texas,7,448262,298130,66.5,71129,15.9,40651,9.1,0,0.0,0,0.0,24145,5.4,12320,2.7,93548,20.9,233445,52.1
369,TX-8,TX,Texas,8,584039,500072,85.6,51935,8.9,10603,1.8,0,0.0,0,0.0,8025,1.4,11311,1.9,87095,14.9,424082,72.6
370,TX-9,TX,Texas,9,445634,141641,31.8,208780,46.9,49557,11.1,0,0.0,0,0.0,38209,8.6,6091,1.4,120680,27.1,62693,14.1
371,TX-10,TX,Texas,10,593629,452663,76.3,68022,11.5,30569,5.1,0,0.0,0,0.0,24999,4.2,13675,2.3,115843,19.5,367912,62.0
372,TX-11,TX,Texas,11,542570,478019,88.1,24543,4.5,5006,0.9,0,0.0,0,0.0,22550,4.2,9672,1.8,170218,31.4,339067,62.5
373,TX-12,TX,Texas,12,572411,472228,82.5,52093,9.1,16010,2.8,0,0.0,0,0.0,16440,2.9,12047,2.1,98273,17.2,394380,68.9
374,TX-13,TX,Texas,13,493390,431065,87.4,27053,5.5,7620,1.5,0,0.0,0,0.0,13323,2.7,10264,2.1,98343,19.9,351529,71.2
375,TX-14,TX,Texas,14,532153,384154,72.2,112210,21.1,13195,2.5,0,0.0,0,0.0,11359,2.1,10314,1.9,97361,18.3,302300,56.8
376,TX-15,TX,Texas,15,435170,379943,87.3,12712,2.9,6649,1.5,0,0.0,0,0.0,29321,6.7,6426,1.5,318150,73.1,95665,22.0
377,TX-16,TX,Texas,16,458940,368827,80.4,18683,4.1,5641,1.2,0,0.0,0,0.0,50117,10.9,13062,2.8,354559,77.3,74701,16.3
378,TX-17,TX,Texas,17,550601,438916,79.7,71168,12.9,21392,3.9,0,0.0,0,0.0,6034,1.1,10451,1.9,104304,18.9,346034,62.8
379,TX-18,TX,Texas,18,480387,208568,43.4,215580,44.9,17534,3.6,0,0.0,0,0.0,28717,6.0,7835,1.6,135295,28.2,107589,22.4
380,TX-19,TX,Texas,19,509891,429575,84.2,29977,5.9,5605,1.1,0,0.0,0,0.0,29663,5.8,10920,2.1,158311,31.0,306882,60.2
381,TX-20,TX,Texas,20,549483,454208,82.7,34008,6.2,13058,2.4,5751,1.0,0,0.0,27207,5.0,15763,2.9,359225,65.4,137455,25.0
382,TX-21,TX,Texas,21,622228,545917,87.7,26014,4.2,14202,2.3,0,0.0,0,0.0,16844,2.7,18607,3.0,152663,24.5,418194,67.2
383,TX-22,TX,Texas,22,577164,363663,63.0,90540,15.7,96189,16.7,0,0.0,0,0.0,14120,2.4,10331,1.8,131296,22.7,253902,44.0
384,TX-23,TX,Texas,23,507547,432414,85.2,22598,4.5,9643,1.9,0,0.0,0,0.0,33170,6.5,7572,1.5,323467,63.7,149430,29.4
385,TX-24,TX,Texas,24,503766,356984,70.9,69184,13.7,46929,9.3,0,0.0,0,0.0,15268,3.0,11265,2.2,76490,15.2,299672,59.5
386,TX-25,TX,Texas,25,570238,477742,83.8,47854,8.4,16429,2.9,0,0.0,0,0.0,11245,2.0,14079,2.5,85432,15.0,411296,72.1
387,TX-26,TX,Texas,26,605249,485828,80.3,54444,9.0,29495,4.9,0,0.0,0,0.0,13496,2.2,16226,2.7,87452,14.4,420675,69.5
388,TX-27,TX,Texas,27,517267,450131,87.0,30575,5.9,6770,1.3,0,0.0,0,0.0,19945,3.9,8192,1.6,244288,47.2,230403,44.5
389,TX-28,TX,Texas,28,434305,380927,87.7,22504,5.2,0,0.0,0,0.0,0,0.0,17271,4.0,10001,2.3,308450,71.0,95644,22.0
390,TX-29,TX,Texas,29,369239,250530,67.9,50559,13.7,7339,2.0,0,0.0,0,0.0,51102,13.8,6742,1.8,253013,68.5,54124,14.7
391,TX-30,TX,Texas,30,479082,199737,41.7,246174,51.4,9420,2.0,0,0.0,0,0.0,12972,2.7,9549,2.0,108419,22.6,106998,22.3
392,TX-31,TX,Texas,31,602236,464041,77.1,75995,12.6,22112,3.7,0,0.0,0,0.0,14600,2.4,21722,3.6,121927,20.2,369505,61.4
393,TX-32,TX,Texas,32,505867,368510,72.8,64757,12.8,39905,7.9,0,0.0,0,0.0,17777,3.5,10758,2.1,81663,16.1,307844,60.9
394,TX-33,TX,Texas,33,360226,211253,58.6,87623,24.3,9130,2.5,0,0.0,0,0.0,40240,11.2,8759,2.4,177006,49.1,79751,22.1
395,TX-34,TX,Texas,34,424863,394847,92.9,0,0.0,0,0.0,0,0.0,0,0.0,17106,4.0,3934,0.9,337458,79.4,77793,18.3
396,TX-35,TX,Texas,35,532967,407887,76.5,53412,10.0,7645,1.4,0,0.0,0,0.0,45363,8.5,14093,2.6,282126,52.9,180731,33.9
397,TX-36,TX,Texas,36,519385,434194,83.6,55785,10.7,7186,1.4,0,0.0,0,0.0,8042,1.5,10489,2.0,97071,18.7,350581,67.5
398,UT-1,UT,Utah,1,521517,479166,91.9,6697,1.3,7073,1.4,4950,0.9,0,0.0,9899,1.9,11974,2.3,49305,9.5,443992,85.1
399,UT-2,UT,Utah,2,529608,469567,88.7,6167,1.2,10348,2.0,6580,1.2,4405,0.8,21509,4.1,11119,2.1,49995,9.4,444107,83.9
400,UT-3,UT,Utah,3,517848,477127,92.1,2771,0.5,8430,1.6,7996,1.5,5263,1.0,5608,1.1,11033,2.1,35764,6.9,448612,86.6
401,UT-4,UT,Utah,4,518368,452383,87.3,6601,1.3,15171,2.9,0,0.0,6179,1.2,22264,4.3,12652,2.4,55184,10.6,424024,81.8
402,VT-At-large,VT,Vermont,At-large,500274,477697,95.5,4621,0.9,6816,1.4,0,0.0,0,0.0,1688,0.3,7971,1.6,8387,1.7,471163,94.2
403,VA-1,VA,Virginia,1,590281,443661,75.2,100532,17.0,14981,2.5,0,0.0,0,0.0,12468,2.1,16444,2.8,46940,8.0,413771,70.1
404,VA-2,VA,Virginia,2,559397,390382,69.8,113506,20.3,26459,4.7,0,0.0,0,0.0,8623,1.5,18247,3.3,35133,6.3,368594,65.9
405,VA-3,VA,Virginia,3,559137,263911,47.2,255075,45.6,12965,2.3,0,0.0,0,0.0,6529,1.2,18190,3.3,23364,4.2,250743,44.8
406,VA-4,VA,Virginia,4,579606,311503,53.7,238077,41.1,9381,1.6,0,0.0,0,0.0,5041,0.9,14130,2.4,19287,3.3,300456,51.8
407,VA-5,VA,Virginia,5,578531,443231,76.6,111757,19.3,7846,1.4,0,0.0,0,0.0,0,0.0,12706,2.2,10652,1.8,435426,75.3
408,VA-6,VA,Virginia,6,582756,496792,85.2,63253,10.9,8065,1.4,0,0.0,0,0.0,2958,0.5,10188,1.7,17271,3.0,485751,83.4
409,VA-7,VA,Virginia,7,588061,428552,72.9,120402,20.5,20543,3.5,0,0.0,0,0.0,5757,1.0,10665,1.8,22073,3.8,415336,70.6
410,VA-8,VA,Virginia,8,533417,364779,68.4,80064,15.0,55619,10.4,0,0.0,0,0.0,11088,2.1,20239,3.8,57449,10.8,325432,61.0
411,VA-9,VA,Virginia,9,567315,521514,91.9,30983,5.5,5856,1.0,0,0.0,0,0.0,0,0.0,5571,1.0,6719,1.2,517463,91.2
412,VA-10,VA,Virginia,10,565197,418603,74.1,40263,7.1,77765,13.8,0,0.0,0,0.0,8192,1.4,18856,3.3,43842,7.8,386646,68.4
413,VA-11,VA,Virginia,11,509988,316427,62.0,68574,13.4,81213,15.9,0,0.0,0,0.0,16601,3.3,25252,5.0,61024,12.0,276078,54.1
414,WA-1,WA,Washington,1,519555,439576,84.6,7523,1.4,38229,7.4,6702,1.3,0,0.0,9205,1.8,17522,3.4,29044,5.6,422876,81.4
415,WA-2,WA,Washington,2,558321,460962,82.6,14808,2.7,41006,7.3,5897,1.1,0,0.0,9674,1.7,24402,4.4,41083,7.4,433913,77.7
416,WA-3,WA,Washington,3,544994,484519,88.9,7022,1.3,15570,2.9,5586,1.0,0,0.0,8048,1.5,22498,4.1,28562,5.2,466885,85.7
417,WA-4,WA,Washington,4,443137,365274,82.4,5862,1.3,7181,1.6,14208,3.2,0,0.0,36793,8.3,14254,3.2,102450,23.1,307149,69.3
418,WA-5,WA,Washington,5,551532,495255,89.8,7413,1.3,10342,1.9,9288,1.7,0,0.0,8437,1.5,19289,3.5,28282,5.1,479564,87.0
419,WA-6,WA,Washington,6,570991,477842,83.7,19327,3.4,22023,3.9,10385,1.8,0,0.0,5709,1.0,31401,5.5,31306,5.5,457984,80.2
420,WA-7,WA,Washington,7,600321,473192,78.8,21442,3.6,58953,9.8,0,0.0,0,0.0,8241,1.4,33448,5.6,31156,5.2,453579,75.6
421,WA-8,WA,Washington,8,522952,426475,81.6,15109,2.9,36359,7.0,6081,1.2,0,0.0,14373,2.7,21074,4.0,34785,6.7,410162,78.4
422,WA-9,WA,Washington,9,499184,285686,57.2,57935,11.6,99253,19.9,0,0.0,5952,1.2,18848,3.8,27340,5.5,39942,8.0,267759,53.6
423,WA-10,WA,Washington,10,544552,420200,77.2,35399,6.5,35136,6.5,7007,1.3,9054,1.7,9094,1.7,28764,5.3,43249,7.9,392772,72.1
424,WV-1,WV,West Virginia,1,486327,462081,95.0,13371,2.7,2775,0.6,0,0.0,0,0.0,0,0.0,6955,1.4,0,0.0,458735,94.3
425,WV-2,WV,West Virginia,2,487208,453599,93.1,21858,4.5,3418,0.7,0,0.0,0,0.0,1016,0.2,6118,1.3,8296,1.7,446953,91.7
426,WV-3,WV,West Virginia,3,457623,430698,94.1,19291,4.2,0,0.0,0,0.0,0,0.0,0,0.0,5001,1.1,0,0.0,428964,93.7
427,WI-1,WI,Wisconsin,1,539789,487118,90.2,27692,5.1,7632,1.4,0,0.0,0,0.0,6490,1.2,8892,1.6,35068,6.5,460877,85.4
428,WI-2,WI,Wisconsin,2,577976,522674,90.4,23347,4.0,15632,2.7,0,0.0,0,0.0,4803,0.8,8666,1.5,20082,3.5,508442,88.0
429,WI-3,WI,Wisconsin,3,566700,538023,94.9,6298,1.1,10003,1.8,0,0.0,0,0.0,2354,0.4,7533,1.3,10272,1.8,530635,93.6
430,WI-4,WI,Wisconsin,4,493143,277019,56.2,159622,32.4,12181,2.5,0,0.0,0,0.0,26780,5.4,15105,3.1,58795,11.9,248998,50.5
431,WI-5,WI,Wisconsin,5,558805,521119,93.3,15192,2.7,11636,2.1,0,0.0,0,0.0,3374,0.6,6724,1.2,19530,3.5,506808,90.7
432,WI-6,WI,Wisconsin,6,556485,524716,94.3,11267,2.0,9340,1.7,0,0.0,0,0.0,2436,0.4,5943,1.1,16238,2.9,511469,91.9
433,WI-7,WI,Wisconsin,7,552651,522802,94.6,3120,0.6,7622,1.4,9955,1.8,0,0.0,1587,0.3,7380,1.3,8268,1.5,517010,93.6
434,WI-8,WI,Wisconsin,8,556205,516153,92.8,7776,1.4,8678,1.6,13341,2.4,0,0.0,3322,0.6,7892,1.4,15514,2.8,505294,90.8
435,WY-At-large,WY,Wyoming,At-large,433644,404463,93.3,0,0.0,2909,0.7,10144,2.3,0,0.0,0,0.0,8188,1.9,32683,7.5,378267,87.2
